Date,Temperature,Precipitation,Humidity,Latitude,Longitude,Temperature_F,Is_Hot
2023-01-01 08:00:00,7.3,0,54.1,83.06861842334018,1.9874850204565178,45.14,0
2023-01-01 12:00:00,8.5,0,30.0,13.371763516237976,-87.77105480183222,47.3,0
2023-01-01 17:00:00,17.2,0,59.3,12.889376906929897,127.194187199971,62.959999999999994,0
2023-01-01 22:00:00,8.4,5,46.2,9.425904807102171,-14.272065671462315,47.120000000000005,0
2023-01-03 10:00:00,10.6,0,49.3,-33.25690176309885,156.74201628040754,51.08,0
2023-01-03 20:00:00,12.0,0,78.6,-71.19818674197275,-44.32792307501214,53.6,0
2023-01-04 01:00:00,11.8,0,45.0,-15.454607721180082,-76.49596822184675,53.24,0
2023-01-04 09:00:00,14.2,0,51.9,54.542138674737686,79.36442692659222,57.56,0
2023-01-04 19:00:00,9.9,0,45.5,13.973715781996063,156.52638629740198,49.82,0
2023-01-04 19:00:00,16.6,0,44.2,30.098220694952587,-100.56561853617055,61.88,0
2023-01-04 22:00:00,12.5,5,49.3,-44.58385312745632,-158.95512459472428,54.5,0
2023-01-05 08:00:00,12.3,0,34.0,70.2691777539479,95.97454009633856,54.14,0
2023-01-05 14:00:00,16.0,0,54.3,84.58677456213437,-44.396481445393505,60.8,0
2023-01-05 14:00:00,8.9,0,41.0,40.427691632573215,81.13377608454869,48.02,0
2023-01-05 22:00:00,17.5,0,43.1,-75.31223039912909,-85.5329844638513,63.5,0
2023-01-05 22:00:00,13.1,0,49.6,-54.64454114303687,82.55152817179425,55.58,0
2023-01-06 11:00:00,10.1,0,33.1,-41.10602737061347,130.12044696767674,50.18,0
2023-01-06 17:00:00,4.3,0,45.7,22.622744207043468,74.74341086659271,39.74,0
2023-01-06 23:00:00,9.2,0,57.9,-51.997330339553265,26.482780809615605,48.56,0
2023-01-07 05:00:00,15.0,0,50.6,18.916113337296906,-33.96770659899451,59.0,0
2023-01-08 18:00:00,16.5,0,41.3,-61.86294527240504,-160.9823929087001,61.7,0
2023-01-09 04:00:00,8.7,0,59.3,-27.884925807617925,-21.36064196725431,47.66,0
2023-01-09 21:00:00,9.2,0,65.0,-75.37866573479891,23.189971600709157,48.56,0
2023-01-10 11:00:00,16.6,0,67.2,-49.918305757844706,-19.85312418208531,61.88,0
2023-01-10 12:00:00,13.6,0,61.2,67.33291919493334,68.51622488426244,56.48,0
2023-01-11 06:00:00,16.9,0,59.8,-19.278880399227774,-106.53682012322379,62.42,0
2023-01-11 13:00:00,13.5,0,33.7,-11.908093886056037,-144.9479182351604,56.3,0
2023-01-11 22:00:00,17.6,0,52.2,-63.55405375492126,-102.96191566860712,63.68,0
2023-01-12 06:00:00,12.2,0,54.3,-1.337567264406431,52.41692774102819,53.96,0
2023-01-12 08:00:00,9.5,5,55.1,-10.420733757650396,143.06303459577106,49.1,0
2023-01-12 13:00:00,10.3,0,44.9,-31.764525752611526,-151.3025736525774,50.54,0
2023-01-13 00:00:00,16.8,5,54.5,62.90035312063239,27.650851069772102,62.24,0
2023-01-13 03:00:00,15.2,0,52.1,2.9309938555813204,28.738647377180996,59.36,0
2023-01-13 04:00:00,14.1,0,65.6,68.27943882212531,70.5887501641341,57.379999999999995,0
2023-01-14 02:00:00,17.3,0,63.3,15.840083417333119,165.86866899768796,63.14,0
2023-01-14 09:00:00,11.6,0,48.0,31.029091792506662,163.12324118188963,52.879999999999995,0
2023-01-14 17:00:00,12.2,0,59.2,0.436911689947749,-106.5284419839263,53.96,0
2023-01-14 23:00:00,15.7,0,52.3,-18.41680540205016,-26.242183670276432,60.26,0
2023-01-15 03:00:00,16.2,15,45.1,-44.039452722616055,-59.4759449193555,61.16,0
2023-01-15 20:00:00,20.6,0,67.5,38.649390030366476,-78.5093919849894,69.08,0
2023-01-16 01:00:00,15.2,0,69.6,-22.55004530867224,-135.55804830827216,59.36,0
2023-01-16 05:00:00,18.2,0,57.4,-79.79752221014962,-25.07524834600784,64.75999999999999,0
2023-01-16 16:00:00,17.4,10,35.8,-19.23351669107727,27.556196382410405,63.32,0
2023-01-16 17:00:00,14.7,0,59.9,-23.135892727612173,-67.46471103301195,58.459999999999994,0
2023-01-17 13:00:00,15.1,0,49.2,-81.90057217762362,-137.0842405773936,59.18,0
2023-01-17 19:00:00,15.3,0,56.8,74.95569801577193,-56.54532140668948,59.540000000000006,0
2023-01-18 00:00:00,11.6,5,60.7,-60.593983488284366,97.9747299417017,52.879999999999995,0
2023-01-18 11:00:00,18.4,0,61.0,-47.91369004324846,124.21427360279131,65.12,0
2023-01-19 05:00:00,12.1,0,46.5,31.64812651873325,-126.5375586082749,53.78,0
2023-01-19 16:00:00,18.6,5,51.2,17.072528310343728,-158.3182998358929,65.48,0
2023-01-21 10:00:00,8.4,0,52.9,-16.477995346473136,125.11714789970506,47.120000000000005,0
2023-01-21 12:00:00,16.2,0,44.7,-7.501752974236425,108.8625709993077,61.16,0
2023-01-21 16:00:00,18.6,5,46.4,11.193985991614525,-129.16833712661344,65.48,0
2023-01-21 19:00:00,13.2,0,72.7,8.74591470984393,163.67988847646478,55.76,0
2023-01-21 21:00:00,18.8,0,55.2,78.93536102516347,-27.442756824867587,65.84,0
2023-01-22 12:00:00,14.2,0,68.6,-78.87447707593992,149.4005535891098,57.56,0
2023-01-22 22:00:00,17.7,0,30.0,60.222922246012985,-160.2962255070051,63.86,0
2023-01-23 11:00:00,6.1,5,54.4,-58.94570214965483,-135.9007696922439,42.980000000000004,0
2023-01-23 15:00:00,14.3,0,63.2,-29.633110880856762,-3.232885439192387,57.74,0
2023-01-24 04:00:00,14.3,0,63.0,-83.71592052187971,118.33523417448231,57.74,0
2023-01-24 07:00:00,20.7,0,65.5,-81.06941279900926,136.54064021652243,69.25999999999999,0
2023-01-24 12:00:00,18.1,0,56.3,-12.365692858617365,-177.82306445376776,64.58,0
2023-01-24 18:00:00,16.0,0,64.8,-18.541410802654653,-86.79446107446975,60.8,0
2023-01-25 06:00:00,15.3,5,51.6,71.20131266373096,-57.151998087220576,59.540000000000006,0
2023-01-25 14:00:00,16.3,0,55.5,-12.658794596073363,-167.62433099337892,61.34,0
2023-01-26 02:00:00,18.0,0,42.6,-63.6414738114931,-127.02122960581968,64.4,0
2023-01-27 11:00:00,15.6,0,45.2,55.7863956545219,-52.27297572370007,60.08,0
2023-01-27 20:00:00,13.9,0,67.9,-49.305767218098715,122.07589156786014,57.02,0
2023-01-28 15:00:00,17.0,0,50.3,-69.05547267039074,-42.61806032071141,62.6,0
2023-01-28 19:00:00,16.3,0,69.6,10.22128396707383,111.17747645700626,61.34,0
2023-01-28 23:00:00,17.4,0,66.6,76.03817105810239,-156.92590402697684,63.32,0
2023-01-29 16:00:00,20.7,0,62.2,-80.93708514551642,-91.09397988291869,69.25999999999999,0
2023-01-29 19:00:00,13.1,0,52.2,-75.58096921027159,40.082996249181434,55.58,0
2023-01-29 21:00:00,18.5,0,66.8,41.43990919630485,-159.33893627222153,65.3,0
2023-01-29 23:00:00,22.5,0,63.5,15.592305291059276,141.58961776372416,72.5,0
2023-01-30 00:00:00,17.7,0,61.3,58.02861801336377,-76.60036468614571,63.86,0
2023-01-30 03:00:00,16.8,0,66.8,48.50080093476848,-160.6914750525009,62.24,0
2023-01-30 08:00:00,15.1,0,50.7,-79.45824504878391,140.8104330456634,59.18,0
2023-01-30 08:00:00,19.3,0,63.1,31.318957466231467,-150.63302677990828,66.74000000000001,0
2023-01-31 07:00:00,25.2,0,68.7,-15.220259893423872,-52.74965085814058,77.36,1
2023-01-31 17:00:00,19.1,0,67.0,66.72392198233908,97.10878422855137,66.38,0
2023-01-31 18:00:00,17.1,5,54.1,53.96100560024101,-174.88921159017946,62.78,0
2023-01-31 19:00:00,17.4,0,60.3,-72.83503417085936,82.12191744101989,63.32,0
2023-02-01 13:00:00,22.2,0,72.5,58.66781553900293,-18.020277263210545,71.96,0
2023-02-01 18:00:00,14.1,0,51.8,78.8968311572369,-154.60717046653565,57.379999999999995,0
2023-02-02 02:00:00,17.6,0,61.6,55.02861462027923,-44.26058483938843,63.68,0
2023-02-02 02:00:00,18.5,0,69.4,0.2732328630299463,154.3708658476387,65.3,0
2023-02-02 03:00:00,21.9,10,69.6,57.61215037001688,38.9560956359208,71.42,0
2023-02-02 09:00:00,18.9,0,65.9,-45.74746035118795,164.9297231296186,66.02,0
2023-02-02 14:00:00,18.2,0,54.5,-80.17822650911418,160.0946574020934,64.75999999999999,0
2023-02-02 17:00:00,14.1,0,59.7,-47.35200151680324,-72.6219164757158,57.379999999999995,0
2023-02-03 00:00:00,21.4,0,43.4,86.50228087093024,-61.14385788638242,70.52,0
2023-02-03 19:00:00,17.5,0,72.3,-31.15061561939845,13.810716756368208,63.5,0
2023-02-03 19:00:00,16.6,0,71.6,78.19794697561946,-108.87987395574783,61.88,0
2023-02-04 20:00:00,20.1,0,54.6,-41.28409044328218,11.68952683820305,68.18,0
2023-02-05 09:00:00,21.7,0,70.8,-39.84424863929345,-46.71641315355237,71.06,0
2023-02-06 00:00:00,22.4,0,76.4,25.37379505777639,138.36363406966348,72.32,0
2023-02-06 01:00:00,23.6,0,65.6,31.582088160556594,-83.9539622038209,74.48,0
2023-02-06 18:00:00,16.3,0,60.4,-75.79090746962001,178.46440273847628,61.34,0
2023-02-06 21:00:00,18.7,5,52.9,84.76924492883134,3.2252545519371267,65.66,0
2023-02-07 21:00:00,18.1,0,52.4,-31.17695294560007,-112.63526265221938,64.58,0
2023-02-07 23:00:00,20.8,0,58.7,15.838493303489898,-142.44728855332244,69.44,0
2023-02-08 09:00:00,16.8,0,67.5,72.04754001637266,-5.1716525711974555,62.24,0
2023-02-08 23:00:00,22.7,10,67.1,35.091561481748585,90.64733889129587,72.86,0
2023-02-09 00:00:00,20.9,0,92.6,81.82186719458593,-133.53435110488266,69.62,0
2023-02-09 12:00:00,22.0,0,65.6,38.88899518358602,-15.109698029807305,71.6,0
2023-02-10 11:00:00,24.1,0,75.8,13.147596111422814,86.96379904805866,75.38,0
2023-02-10 11:00:00,27.4,0,80.5,45.624979918727405,-60.417892057776285,81.32,1
2023-02-11 04:00:00,23.1,5,64.7,34.56909954715407,-47.99560330692668,73.58,0
2023-02-11 06:00:00,20.7,0,65.8,77.24604909810373,-129.86853451750656,69.25999999999999,0
2023-02-11 10:00:00,19.9,0,64.9,45.431618814681826,-66.20352784309061,67.82,0
2023-02-11 20:00:00,18.4,10,70.4,-48.35148545216735,116.6391546767922,65.12,0
2023-02-12 04:00:00,23.7,5,67.5,-82.06814491733135,130.8353680041784,74.66,0
2023-02-12 05:00:00,17.4,15,42.1,43.03205566908704,102.62301157671521,63.32,0
2023-02-12 07:00:00,13.5,0,64.7,68.32826940811717,-50.516797959695594,56.3,0
2023-02-12 13:00:00,21.7,0,75.4,46.26866064575259,-167.1875169096685,71.06,0
2023-02-13 06:00:00,25.7,0,54.8,-89.24626014696759,-81.54917446500727,78.25999999999999,1
2023-02-13 18:00:00,20.2,0,66.6,76.88228073560089,164.2650773448101,68.36,0
2023-02-14 01:00:00,18.7,0,62.6,61.36356787252328,-68.28894644236289,65.66,0
2023-02-14 04:00:00,15.9,0,60.1,77.15350118077095,-179.918266241428,60.62,0
2023-02-14 06:00:00,15.4,0,69.5,-46.746157778933984,-104.72494874773886,59.72,0
2023-02-14 17:00:00,20.1,0,50.4,-19.241296639307805,-49.22807339670831,68.18,0
2023-02-14 18:00:00,20.3,0,62.0,-85.9383878930375,51.806864544395296,68.54,0
2023-02-15 21:00:00,14.6,20,63.6,-82.75355945833822,77.44500713407967,58.28,0
2023-02-15 23:00:00,21.9,0,61.9,56.47020187000095,128.82880206629602,71.42,0
2023-02-16 10:00:00,17.9,0,78.6,-18.39718063276233,101.44073733434146,64.22,0
2023-02-16 19:00:00,22.3,0,62.3,11.853100856384401,-165.82972326489738,72.14,0
2023-02-17 00:00:00,23.0,0,58.1,88.11096000917803,-54.70129602816462,73.4,0
2023-02-17 01:00:00,14.8,0,67.1,7.447395763338889,-23.56885321038166,58.64,0
2023-02-17 04:00:00,17.2,0,82.3,56.58962026837705,3.765647284718881,62.959999999999994,0
2023-02-17 14:00:00,15.9,0,62.9,22.095612583171388,166.15826356952385,60.62,0
2023-02-17 16:00:00,21.5,5,67.7,-78.83254494782022,-99.22212727207362,70.7,0
2023-02-18 02:00:00,21.9,10,65.1,74.71093185310002,-135.63091507228148,71.42,0
2023-02-18 11:00:00,18.2,0,73.7,-41.61642929456433,16.354062076216707,64.75999999999999,0
2023-02-18 21:00:00,25.5,0,73.5,11.500725789972421,149.4354436164108,77.9,1
2023-02-19 05:00:00,19.1,5,67.6,-41.04025103801591,19.43757198112715,66.38,0
2023-02-19 05:00:00,21.7,20,59.7,38.18466825850891,147.17753917807045,71.06,0
2023-02-19 05:00:00,21.7,0,40.8,-25.342425543115738,147.31276903433536,71.06,0
2023-02-19 07:00:00,20.6,0,73.4,-36.655629567608095,-135.41543038590572,69.08,0
2023-02-19 09:00:00,24.6,0,58.8,45.696254887784335,-45.06302723400083,76.28,0
2023-02-19 11:00:00,24.5,0,71.4,-58.125194028487826,-64.53591036783436,76.1,0
2023-02-20 05:00:00,25.4,0,71.6,-4.392685472038508,-53.16226046908585,77.72,1
2023-02-20 07:00:00,17.3,0,57.3,75.73313706167437,-61.62385757450065,63.14,0
2023-02-20 11:00:00,19.7,0,62.2,-74.75609846244477,-122.44328518808109,67.46,0
2023-02-20 14:00:00,19.3,0,68.9,-15.96528502807837,60.09388108512505,66.74000000000001,0
2023-02-20 23:00:00,22.3,0,76.1,-35.56448796986345,60.79555117464673,72.14,0
2023-02-21 18:00:00,17.9,0,71.7,-29.14480631407295,-60.21738845626352,64.22,0
2023-02-21 22:00:00,18.8,0,68.1,10.114324673402095,-149.4121356397921,65.84,0
2023-02-22 01:00:00,33.4,0,76.5,-51.759490104814866,-160.62101103295473,92.11999999999999,1
2023-02-22 02:00:00,23.8,0,58.4,69.22563988133047,108.86464240247676,74.84,0
2023-02-22 22:00:00,25.3,0,50.0,-75.48922706947168,102.06054093164721,77.54,1
2023-02-22 22:00:00,23.6,0,67.8,-30.92769309642984,-38.40455866133206,74.48,0
2023-02-23 11:00:00,24.9,0,57.7,88.2598146828567,-162.1418729941862,76.82,0
2023-02-23 22:00:00,20.6,0,61.9,-77.89784758369899,163.2250365775542,69.08,0
2023-02-24 15:00:00,19.3,0,75.1,-84.84256303602218,-74.91197754078938,66.74000000000001,0
2023-02-25 04:00:00,23.2,20,60.3,-52.36931273276772,16.03991687568316,73.75999999999999,0
2023-02-25 11:00:00,27.1,15,64.4,47.4646084830577,15.763345341028895,80.78,1
2023-02-25 14:00:00,24.1,0,72.8,9.119408299353282,157.7030902445273,75.38,0
2023-02-25 22:00:00,23.7,5,59.9,-81.79467156923961,29.91807262076327,74.66,0
2023-02-26 10:00:00,24.4,0,58.8,61.58976779706859,-46.064315587605336,75.92,0
2023-02-27 07:00:00,23.5,0,63.5,-18.38417345686311,78.2873966202884,74.3,0
2023-02-27 16:00:00,17.6,15,60.6,86.24727991811079,-58.92357806267992,63.68,0
2023-02-27 20:00:00,23.4,0,60.9,-26.78051027721944,130.1104965943863,74.12,0
2023-02-28 10:00:00,20.1,10,50.9,18.635185170201765,-12.58691968047242,68.18,0
2023-02-28 10:00:00,16.7,0,80.6,-28.0876164196166,-95.48840817901034,62.059999999999995,0
2023-02-28 11:00:00,22.7,5,83.0,-12.602661458209255,-89.16669499134493,72.86,0
2023-02-28 14:00:00,17.2,0,71.2,-17.736879763972212,-120.17340014049029,62.959999999999994,0
2023-03-01 02:00:00,20.8,5,68.7,42.996001883945894,-72.84590007541904,69.44,0
2023-03-01 06:00:00,21.4,0,65.0,-50.30923258158352,95.27434213855446,70.52,0
2023-03-01 18:00:00,24.0,0,53.4,84.25374866113202,-155.66229018994207,75.2,0
2023-03-01 22:00:00,23.5,0,64.4,-44.84176201967396,107.2096852827861,74.3,0
2023-03-02 23:00:00,25.8,0,54.2,17.903005138568986,-59.4438155506854,78.44,1
2023-03-03 12:00:00,21.5,0,55.2,-85.67909192792001,-66.37204246782518,70.7,0
2023-03-03 19:00:00,27.7,0,59.2,59.92734880336104,-72.72819522149625,81.86,1
2023-03-04 09:00:00,21.9,10,69.8,9.843664461906087,-87.2524804451295,71.42,0
2023-03-04 16:00:00,23.1,5,87.6,-52.180705275776674,69.45128252092388,73.58,0
2023-03-05 00:00:00,24.2,0,74.5,65.80122897099662,85.36766902439007,75.56,0
2023-03-05 02:00:00,25.3,0,71.2,-16.258883527346555,-153.84038847078358,77.54,1
2023-03-05 21:00:00,22.8,0,58.0,88.66472318779742,36.20995091536898,73.04,0
2023-03-06 06:00:00,23.4,0,69.7,31.938852821093008,39.53259415732214,74.12,0
2023-03-06 22:00:00,24.5,20,70.6,-89.79982304468626,126.73742968968946,76.1,0
2023-03-07 05:00:00,22.7,0,50.7,53.59180740267851,-140.75509836926568,72.86,0
2023-03-07 13:00:00,18.9,15,70.7,9.09570250732061,-141.76302206815575,66.02,0
2023-03-07 15:00:00,20.4,0,66.5,-85.50510081893107,61.564672991847544,68.72,0
2023-03-08 00:00:00,23.4,0,88.0,45.44430076556898,-57.00919943138334,74.12,0
2023-03-08 06:00:00,23.4,0,46.2,-34.701044936171236,-3.942575838258051,74.12,0
2023-03-08 07:00:00,22.3,0,64.7,-57.387009770985095,-56.83226395971782,72.14,0
2023-03-08 19:00:00,19.6,0,66.5,37.69899563411546,74.62040828604017,67.28,0
2023-03-09 01:00:00,23.3,0,57.5,80.81652006846025,167.9839995225987,73.94,0
2023-03-09 12:00:00,25.8,15,59.2,-71.381859325113,53.5258632086512,78.44,1
2023-03-09 15:00:00,25.5,0,82.6,14.005269045195249,152.13735255382483,77.9,1
2023-03-09 15:00:00,22.2,5,79.1,10.417261618813171,3.993775730063277,71.96,0
2023-03-10 04:00:00,26.4,5,58.3,11.505522016012264,169.2268044000145,79.52,1
2023-03-10 13:00:00,20.6,0,78.2,-23.008814055558517,-34.082870167096786,69.08,0
2023-03-10 20:00:00,29.3,0,77.6,-67.15000552410493,132.14166565642103,84.74,1
2023-03-10 22:00:00,24.7,5,71.4,-74.49621496853754,-21.757340961756483,76.46,0
2023-03-11 18:00:00,22.6,0,68.0,-51.06010002645113,-177.7738238492772,72.68,0
2023-03-12 17:00:00,16.1,0,75.6,-70.55197931224671,171.5823494334033,60.980000000000004,0
2023-03-13 00:00:00,27.1,0,68.9,-82.9094699352925,89.7729971921845,80.78,1
2023-03-13 11:00:00,27.7,5,55.2,-1.8640663142341225,-40.936426147603726,81.86,1
2023-03-13 15:00:00,23.5,0,65.6,-85.46416293220747,-98.94203128226452,74.3,0
2023-03-13 21:00:00,24.1,0,68.4,-10.825984851509716,-148.6918727078641,75.38,0
2023-03-13 22:00:00,22.5,0,58.0,80.27476017220786,78.48510412572057,72.5,0
2023-03-14 16:00:00,24.3,0,68.8,-73.12022527373703,-130.5719882223947,75.74000000000001,0
2023-03-14 21:00:00,24.4,0,76.6,88.65263162915485,-169.07263000811847,75.92,0
2023-03-15 10:00:00,20.5,10,64.2,46.12568245603819,0.7003458474630122,68.9,0
2023-03-15 12:00:00,22.9,0,81.2,-3.216222194428468,-119.67604585037766,73.22,0
2023-03-15 13:00:00,20.1,10,64.3,-46.70431466757323,-23.257323576089476,68.18,0
2023-03-15 21:00:00,24.9,5,80.5,86.10386167023418,-109.63511986737603,76.82,0
2023-03-16 03:00:00,24.4,0,66.9,-15.62894690261048,-51.855201550569404,75.92,0
2023-03-16 15:00:00,21.7,0,73.4,-71.4883334116542,-166.783340346096,71.06,0
2023-03-16 17:00:00,24.5,5,74.4,37.124309259947196,-87.60700541300551,76.1,0
2023-03-16 20:00:00,27.8,0,60.4,-15.984452001141747,-165.97517531455287,82.04,1
2023-03-17 08:00:00,20.2,0,78.1,-27.44661684352417,163.9613489177043,68.36,0
2023-03-17 10:00:00,29.5,5,68.7,56.2452877879509,-148.78563566556952,85.1,1
2023-03-17 14:00:00,26.2,0,54.1,22.5594305918017,121.49010706275885,79.16,1
2023-03-18 00:00:00,28.2,0,72.8,-76.90770939983969,34.611353837962895,82.75999999999999,1
2023-03-18 10:00:00,24.2,0,60.2,-21.603765786228962,-11.31948194719152,75.56,0
2023-03-18 12:00:00,26.1,0,76.5,-79.99100609751709,177.95890896685734,78.98,1
2023-03-18 12:00:00,23.8,0,75.0,-17.51333022097917,-40.3298084167609,74.84,0
2023-03-19 12:00:00,25.2,0,56.4,41.94001930007218,114.79293738736976,77.36,1
2023-03-20 00:00:00,21.6,0,55.9,-58.56350653866068,-60.32639081722854,70.88,0
2023-03-20 03:00:00,24.1,0,78.2,-33.16083277509072,-177.35290396040628,75.38,0
2023-03-20 05:00:00,28.7,0,58.0,-66.02721737984578,140.0402198932797,83.66,1
2023-03-20 09:00:00,19.3,0,87.5,-52.14265986855714,152.15225025728597,66.74000000000001,0
2023-03-21 08:00:00,29.2,0,55.1,26.96184841757392,136.7415892589284,84.56,1
2023-03-21 09:00:00,23.0,5,90.5,-85.3614722224168,-87.45743081188485,73.4,0
2023-03-21 11:00:00,23.1,0,70.7,-74.96551535759662,171.14773236650825,73.58,0
2023-03-21 13:00:00,29.7,0,78.8,18.3252121101805,-10.214508529705796,85.46000000000001,1
2023-03-21 14:00:00,18.9,0,82.0,-24.739236619362984,-75.97133102841893,66.02,0
2023-03-21 23:00:00,24.6,5,88.3,45.924051140135276,94.28036197589427,76.28,0
2023-03-22 01:00:00,25.4,0,78.9,-60.953875490091036,35.03245619905627,77.72,1
2023-03-22 08:00:00,24.3,0,55.0,-17.4220860269119,68.41687982740186,75.74000000000001,0
2023-03-22 09:00:00,22.3,0,58.6,31.09763059424401,128.60313745312476,72.14,0
2023-03-22 20:00:00,24.4,0,68.7,43.495461330487615,171.56196839624556,75.92,0
2023-03-22 20:00:00,24.8,0,66.0,83.75449025347197,-47.95260456734337,76.64,0
2023-03-23 02:00:00,27.2,0,69.4,3.8478638652734105,110.86463811924682,80.96,1
2023-03-23 03:00:00,22.2,0,74.3,16.9635289155475,-5.393524491345147,71.96,0
2023-03-23 11:00:00,29.9,0,58.9,31.15658356401906,154.85947303051802,85.82,1
2023-03-23 12:00:00,25.0,0,77.5,31.767074913708797,86.63888918398538,77.0,0
2023-03-23 13:00:00,22.9,0,71.7,82.76238367287303,-19.613586782461965,73.22,0
2023-03-23 18:00:00,25.7,0,46.8,-20.77000632382172,-123.92162619113874,78.25999999999999,1
2023-03-24 04:00:00,28.1,0,55.3,78.46870468474071,-79.55701547479322,82.58,1
2023-03-24 06:00:00,22.0,0,77.3,57.13341251509968,-140.1827044056621,71.6,0
2023-03-24 12:00:00,27.3,0,90.5,19.497510001398908,-33.19990761378145,81.14,1
2023-03-24 19:00:00,22.5,5,77.2,15.405783097070255,-101.24218497208332,72.5,0
2023-03-24 21:00:00,29.4,0,52.5,30.828748541243854,-71.00095382209182,84.91999999999999,1
2023-03-25 11:00:00,24.5,10,72.5,-56.40481083641714,107.27929267892063,76.1,0
2023-03-25 17:00:00,21.1,0,85.4,50.438276736414025,39.48548697927987,69.98,0
2023-03-26 10:00:00,24.9,0,73.2,5.682987483611612,164.03380821593618,76.82,0
2023-03-26 17:00:00,28.1,15,73.8,-66.20766160430308,-66.07543288521018,82.58,1
2023-03-27 01:00:00,24.8,0,84.0,-21.098861927452703,27.536005130351725,76.64,0
2023-03-27 02:00:00,25.7,0,64.6,43.60885060541162,175.452650032392,78.25999999999999,1
2023-03-27 02:00:00,24.2,10,71.1,55.62425525250174,6.5078992945241225,75.56,0
2023-03-27 08:00:00,19.3,5,61.7,-28.420628244553072,100.09667033395169,66.74000000000001,0
2023-03-27 12:00:00,26.5,0,73.4,-88.76196680046313,-96.21779439040134,79.7,1
2023-03-27 22:00:00,22.8,0,66.0,4.45241477905779,-51.41075976250386,73.04,0
2023-03-27 22:00:00,31.4,0,70.5,8.405222772983421,-177.48638572307468,88.52,1
2023-03-28 13:00:00,25.1,0,75.8,-14.73393813069606,112.2504186063191,77.18,1
2023-03-28 14:00:00,22.0,20,47.8,-78.93966777645825,-11.01353688386709,71.6,0
2023-03-28 19:00:00,23.1,0,60.9,-67.80891972618957,-92.16169115311,73.58,0
2023-03-29 02:00:00,22.2,0,70.8,-10.469933135648176,-46.44946346681914,71.96,0
2023-03-29 13:00:00,19.3,0,61.9,-5.10309166489283,153.98846390714664,66.74000000000001,0
2023-03-29 14:00:00,23.2,0,76.7,13.564651163237741,6.483755295395241,73.75999999999999,0
2023-03-29 18:00:00,23.6,0,72.1,65.6386059344652,-35.887378977722136,74.48,0
2023-03-31 00:00:00,24.3,0,76.7,84.80716332629143,161.2006912689227,75.74000000000001,0
2023-03-31 01:00:00,27.2,0,59.1,-54.87002690064293,-32.15425211629818,80.96,1
2023-03-31 03:00:00,26.0,0,63.9,-16.775135828689756,68.99603467195496,78.8,1
2023-03-31 10:00:00,23.4,0,63.1,21.07906999715813,-78.20443545836451,74.12,0
2023-03-31 11:00:00,31.2,0,84.8,76.76348363211326,-51.486325391281014,88.16,1
2023-04-01 21:00:00,21.1,0,54.7,67.25133517269876,-19.502802062274185,69.98,0
2023-04-02 05:00:00,26.0,0,67.8,41.66936352776503,-40.7493928613232,78.8,1
2023-04-02 11:00:00,23.0,15,74.4,-31.62071207672676,19.013355258605657,73.4,0
2023-04-02 20:00:00,24.8,0,58.1,-56.65133603100173,147.33096999731725,76.64,0
2023-04-03 01:00:00,28.7,0,64.2,15.401471182794339,108.66246064301015,83.66,1
2023-04-03 09:00:00,20.0,0,81.7,87.72050854431828,23.549738310913682,68.0,0
2023-04-05 03:00:00,27.1,0,67.2,-25.812688322482984,93.74402422349374,80.78,1
2023-04-05 03:00:00,24.8,0,69.2,-0.6769400578534857,-68.31529785190628,76.64,0
2023-04-06 01:00:00,24.0,0,72.3,-69.91326000769546,-139.46743204949,75.2,0
2023-04-06 07:00:00,23.2,0,58.5,-16.605341099508195,-164.48396077860335,73.75999999999999,0
2023-04-06 11:00:00,28.3,0,81.9,-43.23093517074609,-103.77148966112897,82.94,1
2023-04-06 21:00:00,24.2,20,64.0,80.48906332204461,-30.54756456261154,75.56,0
2023-04-07 07:00:00,24.5,0,70.4,19.07945410878459,-157.69925331156435,76.1,0
2023-04-07 07:00:00,25.9,0,87.9,-85.7326043439867,-37.78079837155346,78.62,1
2023-04-07 15:00:00,19.0,20,63.4,88.10120357371017,92.89455156403795,66.2,0
2023-04-07 18:00:00,26.3,0,66.5,-47.803391997927356,7.395781429749036,79.34,1
2023-04-07 19:00:00,24.9,0,76.8,41.44485411532281,154.58525418569536,76.82,0
2023-04-08 03:00:00,30.2,0,57.5,-47.92665743338603,92.22920427844099,86.36,1
2023-04-08 03:00:00,22.9,0,75.2,70.18440774531524,20.94162620055866,73.22,0
2023-04-09 07:00:00,24.6,0,71.8,-56.568047039066585,-29.269748402033684,76.28,0
2023-04-10 17:00:00,32.2,0,62.6,-68.72064798760405,-68.51098400213192,89.96000000000001,1
2023-04-10 22:00:00,20.4,0,76.9,-3.0274446035396636,156.4357970575856,68.72,0
2023-04-11 05:00:00,22.7,15,52.9,52.66706637764426,52.461015606379306,72.86,0
2023-04-11 08:00:00,27.9,0,60.1,-41.04817930832424,21.318527436644928,82.22,1
2023-04-11 14:00:00,24.7,0,74.4,-16.058014200069877,-162.2539826048101,76.46,0
2023-04-11 18:00:00,25.5,5,69.9,41.66754474656085,-11.145330893464575,77.9,1
2023-04-12 04:00:00,27.2,0,68.3,-33.50241058995531,0.02097330879121273,80.96,1
2023-04-12 10:00:00,25.4,15,67.1,44.974787631888375,50.02668791038246,77.72,1
2023-04-12 10:00:00,24.6,0,76.7,-53.587089151523344,-41.57430706574405,76.28,0
2023-04-13 18:00:00,25.5,0,73.3,-62.74218341340661,-72.77061657952395,77.9,1
2023-04-14 08:00:00,27.1,0,80.7,52.5944150643017,148.6082881468302,80.78,1
2023-04-14 16:00:00,31.2,0,91.8,0.22961603263128438,37.55267360651513,88.16,1
2023-04-14 17:00:00,33.9,0,76.3,25.47080662612531,-109.26469189576399,93.02,1
2023-04-15 04:00:00,23.4,5,54.1,50.83664619830182,122.98392271539865,74.12,0
2023-04-15 04:00:00,21.3,0,53.4,36.1100693510013,-80.79596052869574,70.34,0
2023-04-15 17:00:00,26.6,10,65.7,-84.5813030019626,136.7692656217252,79.88,1
2023-04-15 21:00:00,21.6,0,64.0,56.640780847798055,45.15604205997366,70.88,0
2023-04-15 22:00:00,27.3,5,57.5,82.43025478670475,13.759236672651099,81.14,1
2023-04-16 14:00:00,24.6,0,56.4,-0.0073814463380870166,95.51386782913903,76.28,0
2023-04-17 06:00:00,26.1,0,79.7,-60.98061384447794,-115.52582184185465,78.98,1
2023-04-17 10:00:00,25.9,0,86.0,-44.19336030871315,63.50341280760219,78.62,1
2023-04-17 21:00:00,24.6,0,74.9,17.4439242983981,134.2955329254732,76.28,0
2023-04-18 02:00:00,25.9,0,71.3,28.265489682139318,-93.1805228492057,78.62,1
2023-04-18 22:00:00,26.3,5,67.2,-28.805064517215328,34.578041673942096,79.34,1
2023-04-19 02:00:00,20.1,0,69.8,-71.01298305701357,161.16702374314065,68.18,0
2023-04-20 01:00:00,25.2,0,57.5,-8.281815984054177,-38.32007900172641,77.36,1
2023-04-21 04:00:00,21.7,0,57.0,-59.72334196202672,36.34037443357883,71.06,0
2023-04-22 08:00:00,21.5,0,73.4,-25.114589074520296,-136.33092071800772,70.7,0
2023-04-22 19:00:00,23.6,0,74.2,-47.13360234017466,160.46989280133482,74.48,0
2023-04-23 02:00:00,19.1,0,79.6,54.260239720131665,64.4985245950426,66.38,0
2023-04-23 03:00:00,24.6,0,64.9,-36.60975321172324,-146.71817386665603,76.28,0
2023-04-23 15:00:00,26.6,5,57.8,58.38308050488291,9.931670377979628,79.88,1
2023-04-23 17:00:00,22.9,0,66.3,-24.331955362596233,29.990609346313647,73.22,0
2023-04-24 00:00:00,22.4,15,63.1,-11.12784961529799,75.37997585677905,72.32,0
2023-04-24 15:00:00,26.3,5,72.0,-47.353681098589774,174.00267662912154,79.34,1
2023-04-24 16:00:00,24.5,0,78.5,86.85382900608695,-124.37250120341318,76.1,0
2023-04-24 19:00:00,23.9,0,66.4,65.09967924583816,120.3569264697835,75.02,0
2023-04-25 15:00:00,19.8,0,74.9,-82.74860661996027,165.19387434854758,67.64,0
2023-04-26 00:00:00,20.4,0,71.9,-39.53974454074575,-86.83473298877136,68.72,0
2023-04-26 00:00:00,21.2,0,59.7,26.20299265693704,132.47266562312507,70.16,0
2023-04-26 03:00:00,19.6,0,54.7,-26.148859788561722,-29.820859568747267,67.28,0
2023-04-26 12:00:00,25.5,5,82.7,33.095961330361774,-81.36428419081014,77.9,1
2023-04-26 22:00:00,29.2,0,74.0,82.20967810008295,-68.59096232810367,84.56,1
2023-04-27 08:00:00,23.0,0,59.4,9.479208199814678,-96.39911127551647,73.4,0
2023-04-28 02:00:00,20.8,0,45.4,-26.441479991089892,13.514451710524668,69.44,0
2023-04-28 08:00:00,22.7,0,60.1,71.62835281987265,-119.51278121063572,72.86,0
2023-04-28 17:00:00,19.7,0,72.0,17.138310142837454,-119.58674556742969,67.46,0
2023-04-28 18:00:00,25.4,10,64.9,8.447197677385844,-148.11179773080812,77.72,1
2023-04-28 19:00:00,21.0,0,99.3,-40.05635764950827,-109.54344956412633,69.8,0
2023-04-28 20:00:00,24.9,0,72.5,-77.19197780197625,1.621052659740883,76.82,0
2023-04-28 23:00:00,22.0,0,68.5,58.74134597103361,-121.87883302814842,71.6,0
2023-04-29 08:00:00,20.3,0,78.2,-58.158548851682895,-26.81796266213658,68.54,0
2023-04-30 05:00:00,21.2,20,67.3,-67.31963498448103,61.81518932786187,70.16,0
2023-04-30 12:00:00,25.3,5,82.4,-26.020919274468888,72.56349561705923,77.54,1
2023-04-30 23:00:00,26.2,0,72.4,14.712596535813603,-98.1066226703256,79.16,1
2023-05-01 00:00:00,21.2,0,88.0,-67.17167594092462,158.3727742388552,70.16,0
2023-05-01 03:00:00,24.4,0,64.5,19.819425966522232,-59.840425054872796,75.92,0
2023-05-01 03:00:00,23.6,0,65.9,-37.19638414061823,-65.50573978997284,74.48,0
2023-05-01 12:00:00,21.7,15,51.5,46.31093608959014,-56.93434490978706,71.06,0
2023-05-01 19:00:00,24.2,0,72.1,-27.01118635727147,-104.05083937681785,75.56,0
2023-05-01 21:00:00,22.4,0,69.7,-66.02221365540683,90.51239431126896,72.32,0
2023-05-02 12:00:00,17.9,0,73.3,57.30847646031634,-22.42194302392511,64.22,0
2023-05-02 13:00:00,24.1,0,76.2,-14.650690514700614,-162.28047076532582,75.38,0
2023-05-04 03:00:00,19.3,0,67.6,50.36775912181227,-132.73633007826328,66.74000000000001,0
2023-05-04 10:00:00,25.1,0,75.0,-64.25979792016925,-157.5247221799991,77.18,1
2023-05-04 16:00:00,20.5,0,75.2,-1.2924747840915671,13.822192543304766,68.9,0
2023-05-04 17:00:00,21.8,0,67.8,14.276603999148819,-67.61169483511341,71.24000000000001,0
2023-05-05 07:00:00,25.2,5,73.7,-43.453513595738876,-28.18345769067011,77.36,1
2023-05-05 07:00:00,14.4,0,66.5,32.79450406591778,-131.86956441620296,57.92,0
2023-05-05 14:00:00,24.1,5,93.2,31.930763379997103,99.18190681883976,75.38,0
2023-05-05 23:00:00,20.5,0,71.5,-57.45867289877168,-74.64416483973318,68.9,0
2023-05-06 07:00:00,23.4,0,61.2,75.10825198398251,-15.966162201644124,74.12,0
2023-05-06 12:00:00,17.9,0,63.2,-34.9660876594876,148.76268706053736,64.22,0
2023-05-06 19:00:00,27.0,0,69.9,-72.90625045889223,-133.0728731844244,80.6,1
2023-05-07 01:00:00,20.4,0,57.6,59.118960769018344,-24.17762841941797,68.72,0
2023-05-07 11:00:00,27.1,0,73.8,-40.45694741333851,9.017762488338462,80.78,1
2023-05-07 11:00:00,25.4,0,61.6,-87.96554341397595,-6.263555161852565,77.72,1
2023-05-07 15:00:00,21.5,20,63.2,-80.88795499156666,-112.88887025256915,70.7,0
2023-05-07 15:00:00,21.0,5,61.1,77.19471897220183,-137.52990589389782,69.8,0
2023-05-08 00:00:00,16.0,0,63.7,74.34746404017409,-150.6790033591827,60.8,0
2023-05-08 02:00:00,23.2,0,58.5,-87.07618022229833,-44.284979776737,73.75999999999999,0
2023-05-08 03:00:00,26.4,0,74.6,-49.27096259942648,-25.506182895004144,79.52,1
2023-05-08 15:00:00,20.3,0,53.6,-27.754902286123503,-46.05038821335745,68.54,0
2023-05-09 03:00:00,26.6,0,73.1,85.44430728873925,-35.32454235477377,79.88,1
2023-05-09 03:00:00,22.3,0,67.9,42.22949412789632,1.4878230906377894,72.14,0
2023-05-09 06:00:00,19.6,5,52.9,7.253893217069944,-113.74388206192313,67.28,0
2023-05-09 21:00:00,20.8,0,82.7,18.567021622130454,-149.2549091414202,69.44,0
2023-05-10 01:00:00,24.5,0,60.6,-6.483294329960273,145.90763964378556,76.1,0
2023-05-10 02:00:00,22.6,0,64.8,46.90361564195081,73.81472628729338,72.68,0
2023-05-10 03:00:00,22.4,20,60.7,21.451092365850613,-106.27113273976458,72.32,0
2023-05-11 05:00:00,22.1,0,64.4,-6.066105670832613,-132.59271476296547,71.78,0
2023-05-11 13:00:00,18.3,0,70.3,7.982079774177791,-62.56061748686466,64.94,0
2023-05-11 21:00:00,24.9,0,68.2,-20.0292573822216,174.47561193270224,76.82,0
2023-05-12 16:00:00,21.2,0,61.6,-62.19140327911336,87.1119826250349,70.16,0
2023-05-12 21:00:00,23.4,0,73.7,-67.32806465171552,-9.083157824285564,74.12,0
2023-05-13 02:00:00,23.8,0,62.1,31.00512371295504,-34.21130854457215,74.84,0
2023-05-13 17:00:00,22.2,15,54.3,-55.18163826783314,48.71640481499557,71.96,0
2023-05-13 23:00:00,20.5,0,73.9,-25.006549258613305,99.64743739510709,68.9,0
2023-05-14 08:00:00,21.7,0,68.7,-49.226107313500975,-175.23762735409417,71.06,0
2023-05-15 08:00:00,17.2,0,58.1,59.67329996020024,95.88499671767488,62.959999999999994,0
2023-05-15 11:00:00,16.1,0,59.5,-36.48830322936123,21.50807808012297,60.980000000000004,0
2023-05-15 18:00:00,22.1,10,73.5,-50.631499996822946,-109.81502226049301,71.78,0
2023-05-17 01:00:00,22.5,0,67.4,59.15752310129207,139.4728327333297,72.5,0
2023-05-17 02:00:00,22.3,0,64.5,14.516140663734134,-78.28190369329,72.14,0
2023-05-17 05:00:00,19.3,0,68.4,-82.789358570875,58.432945943059195,66.74000000000001,0
2023-05-17 07:00:00,18.3,0,62.2,60.290497024992675,-161.54515469664065,64.94,0
2023-05-17 08:00:00,19.6,0,56.1,22.91920831632204,3.805347142261297,67.28,0
2023-05-17 15:00:00,20.7,0,60.4,2.5371796592267515,167.69963509859974,69.25999999999999,0
2023-05-17 20:00:00,16.6,15,65.8,70.11347598787737,93.60199618635545,61.88,0
2023-05-18 15:00:00,23.1,0,49.4,58.25224993481524,52.39236830778802,73.58,0
2023-05-18 22:00:00,16.8,0,52.9,62.43970039721151,-175.67891018183428,62.24,0
2023-05-19 04:00:00,28.1,0,51.0,-75.72954876638549,-113.65149709796434,82.58,1
2023-05-20 11:00:00,15.4,0,55.5,61.05247109645376,-142.05550413727357,59.72,0
2023-05-21 03:00:00,20.7,0,62.6,-88.14879073157543,-29.170881439371215,69.25999999999999,0
2023-05-21 07:00:00,18.3,15,59.2,-79.76134840002362,69.01924108848797,64.94,0
2023-05-21 22:00:00,18.7,0,52.3,-60.85385880620153,130.66546439268666,65.66,0
2023-05-22 06:00:00,17.5,0,59.3,69.51271898328213,-140.44927905331815,63.5,0
2023-05-22 06:00:00,23.1,0,60.2,53.55252815336746,77.7544896750207,73.58,0
2023-05-22 07:00:00,18.5,0,72.5,45.04783750899162,-136.81694097685087,65.3,0
2023-05-22 17:00:00,22.7,0,64.6,26.777769508689474,-110.63649726478789,72.86,0
2023-05-22 17:00:00,22.2,0,64.7,77.67988457570658,117.90852982337412,71.96,0
2023-05-22 22:00:00,25.9,0,68.9,60.055921885531006,139.48881847663768,78.62,1
2023-05-23 18:00:00,17.0,0,65.7,-39.491853617175124,86.24922379982735,62.6,0
2023-05-23 19:00:00,18.1,0,62.9,16.823048886850287,166.9266679273377,64.58,0
2023-05-24 11:00:00,18.9,0,57.5,13.606817155214756,-70.52593105033782,66.02,0
2023-05-24 15:00:00,14.1,5,74.8,-8.686894323340113,17.898211858791967,57.379999999999995,0
2023-05-24 19:00:00,20.3,0,42.6,-49.62265940636527,58.791855421440715,68.54,0
2023-05-25 05:00:00,15.5,0,54.6,13.881074829823163,27.847224439080378,59.9,0
2023-05-25 09:00:00,19.2,20,66.8,66.31371431044812,89.62673430974348,66.56,0
2023-05-25 13:00:00,21.5,0,70.2,-77.67891853811697,-140.87428582511086,70.7,0
2023-05-25 18:00:00,16.0,10,63.6,12.235373516894498,48.566397295138614,60.8,0
2023-05-25 22:00:00,18.0,0,67.8,14.888600882042681,138.68599633472348,64.4,0
2023-05-26 21:00:00,22.0,0,61.3,47.974916919892905,58.08336442010079,71.6,0
2023-05-26 22:00:00,19.8,0,58.6,50.99363693208858,35.074527326431195,67.64,0
2023-05-27 00:00:00,19.2,0,59.2,61.21945411905597,-93.93610173298931,66.56,0
2023-05-27 15:00:00,21.4,0,42.7,-58.41150707135567,-105.54555847197734,70.52,0
2023-05-27 21:00:00,19.8,0,74.1,32.12999429267481,-153.58893571454303,67.64,0
2023-05-28 22:00:00,15.2,0,81.4,-74.8570207933111,125.44983878625527,59.36,0
2023-05-28 23:00:00,18.5,5,67.5,-60.40700476580183,74.29391885159859,65.3,0
2023-05-29 02:00:00,20.2,0,56.4,14.985430616260217,89.49913508945963,68.36,0
2023-05-29 08:00:00,17.7,0,68.8,-57.27980390087485,-132.38326256454658,63.86,0
2023-05-29 16:00:00,17.9,0,64.8,-14.39801922678069,-75.69792585424274,64.22,0
2023-05-30 06:00:00,25.6,0,70.8,-12.101132818472593,-25.793351795215358,78.08,1
2023-05-31 00:00:00,13.5,0,66.2,-50.31971923582459,-115.14288681625708,56.3,0
2023-05-31 18:00:00,15.3,0,60.1,-61.773713042974975,-109.1922489673837,59.540000000000006,0
2023-06-01 00:00:00,14.1,0,60.4,-0.3366101613523682,87.25317735232147,57.379999999999995,0
2023-06-01 15:00:00,17.2,0,59.0,7.253375722255299,-147.68657979834342,62.959999999999994,0
2023-06-01 17:00:00,15.1,0,56.7,-17.422603896014607,150.35302004559605,59.18,0
2023-06-02 00:00:00,17.6,0,64.7,-66.42472626104866,96.74896729050465,63.68,0
2023-06-02 01:00:00,18.5,10,38.2,-30.245129147547814,-163.7455088115749,65.3,0
2023-06-02 21:00:00,19.4,0,66.3,-12.607628439632094,-14.135903912997406,66.92,0
2023-06-03 00:00:00,15.8,20,65.4,-49.180927442463776,5.460130219171958,60.440000000000005,0
2023-06-03 04:00:00,17.3,0,59.0,5.736917970902979,-167.60472891360675,63.14,0
2023-06-03 13:00:00,17.0,0,53.4,8.976341299716935,-105.8471870842938,62.6,0
2023-06-03 15:00:00,16.4,0,65.9,63.10341504272088,-59.60069023748254,61.519999999999996,0
2023-06-03 16:00:00,19.0,0,61.8,-2.128018444053481,28.552825003845925,66.2,0
2023-06-04 09:00:00,19.2,0,43.4,-28.725919899433258,121.1191892891531,66.56,0
2023-06-04 13:00:00,18.0,0,62.5,84.47792621115221,-8.960988624539254,64.4,0
2023-06-05 10:00:00,17.8,0,40.3,-28.308433422976705,27.239491079071087,64.04,0
2023-06-05 15:00:00,18.7,0,63.1,29.109362875912197,44.355734304482496,65.66,0
2023-06-05 21:00:00,10.9,5,59.0,11.41350560709374,107.51608092838916,51.620000000000005,0
2023-06-06 08:00:00,15.1,10,70.9,-10.33607773209323,111.84608532153305,59.18,0
2023-06-07 02:00:00,13.8,0,76.2,57.77658311384536,-179.7847420194737,56.84,0
2023-06-07 04:00:00,13.1,0,58.7,5.632923303167743,-159.93329270852098,55.58,0
2023-06-07 07:00:00,16.4,5,66.1,-22.58131619167537,-4.977484522242122,61.519999999999996,0
2023-06-07 09:00:00,17.3,0,44.2,-65.66088353168615,-65.91451042057508,63.14,0
2023-06-07 13:00:00,20.8,0,59.0,-80.79296298832843,-24.54944576120019,69.44,0
2023-06-07 14:00:00,16.4,20,45.6,61.95821855150575,153.38144153457557,61.519999999999996,0
2023-06-08 03:00:00,16.6,0,77.5,30.459425386476013,-176.46208107487638,61.88,0
2023-06-08 20:00:00,11.7,0,54.9,17.141351889492284,75.48168366162881,53.06,0
2023-06-09 11:00:00,17.9,10,62.0,-53.19929295643085,-119.41970813722338,64.22,0
2023-06-09 11:00:00,16.2,0,47.6,39.971891556681356,-79.67004626573072,61.16,0
2023-06-10 01:00:00,13.1,0,60.5,-10.433984232397762,4.5414878771519795,55.58,0
2023-06-10 21:00:00,20.5,0,58.7,-80.92498075160235,-144.18191920573273,68.9,0
2023-06-10 23:00:00,10.9,15,50.3,-51.354740256596024,-141.55174655914908,51.620000000000005,0
2023-06-11 11:00:00,15.9,0,63.1,-29.845311448840214,16.128390699395425,60.62,0
2023-06-12 16:00:00,14.0,0,73.8,10.163634722787961,-29.039515049056206,57.2,0
2023-06-12 23:00:00,10.7,0,37.4,-30.35660062746293,-47.429961337752076,51.26,0
2023-06-13 06:00:00,16.6,0,44.1,-35.408539647129075,-148.51925935204125,61.88,0
2023-06-13 20:00:00,17.0,0,54.0,41.18004980111655,37.15670235582155,62.6,0
2023-06-14 19:00:00,11.5,0,55.4,24.06808795779523,-174.22986367615567,52.7,0
2023-06-16 11:00:00,15.5,0,39.6,-72.54617922622354,-93.02354048312532,59.9,0
2023-06-17 09:00:00,15.7,0,47.5,16.880513749821404,95.8483701937364,60.26,0
2023-06-18 03:00:00,14.0,10,51.5,73.44333817589924,-172.13518368496736,57.2,0
2023-06-18 17:00:00,9.9,0,50.2,-34.84209191339312,168.21762853330716,49.82,0
2023-06-18 22:00:00,15.2,0,63.5,88.5532945029558,-55.07915925160802,59.36,0
2023-06-20 07:00:00,16.4,0,52.9,-84.51653646438717,-41.977029219026775,61.519999999999996,0
2023-06-20 20:00:00,11.1,0,59.7,-79.2102058449645,1.7681224500501287,51.98,0
2023-06-21 02:00:00,14.2,0,67.6,-42.615477626757986,65.71457235617655,57.56,0
2023-06-22 03:00:00,11.2,0,64.2,-6.239351890892507,-22.35604062855157,52.16,0
2023-06-22 08:00:00,9.6,0,56.5,71.22418996799098,-64.05568732953729,49.28,0
2023-06-23 03:00:00,10.8,0,57.7,-88.05400494566466,19.997845158823168,51.44,0
2023-06-23 15:00:00,10.5,0,51.4,-68.64412216651554,-31.1340490956147,50.9,0
2023-06-24 08:00:00,15.9,0,49.7,-21.644725874522862,166.10998307113783,60.62,0
2023-06-24 21:00:00,12.8,0,54.6,41.209056018928294,44.46191204904139,55.04,0
2023-06-25 07:00:00,10.6,0,57.2,-74.51421173407022,133.0321218533927,51.08,0
2023-06-25 10:00:00,8.5,0,59.5,77.4717156304786,-124.86797996977577,47.3,0
2023-06-26 03:00:00,14.0,0,39.5,23.367717798247384,-170.87450246498216,57.2,0
2023-06-27 00:00:00,10.9,0,69.1,17.873871661149963,6.749224961295397,51.620000000000005,0
2023-06-27 14:00:00,11.3,0,56.5,-44.45525863435442,-61.96176215342693,52.34,0
2023-06-27 19:00:00,8.6,0,43.5,21.49019448597035,60.006834681304696,47.48,0
2023-06-27 23:00:00,11.6,0,43.4,84.55025390363588,16.06711359856888,52.879999999999995,0
2023-06-29 06:00:00,11.0,0,53.9,-84.12136905879075,163.30773881868822,51.8,0
2023-06-29 10:00:00,13.9,0,65.7,-3.871607380705953,-44.207358315250076,57.02,0
2023-06-29 12:00:00,11.0,0,37.9,-65.61728337695565,62.552242722272325,51.8,0
2023-06-29 14:00:00,8.7,15,68.2,65.89827816801025,94.39634099310376,47.66,0
2023-06-29 19:00:00,15.3,10,48.4,-38.57263782103974,-114.18718012587867,59.540000000000006,0
2023-06-30 15:00:00,14.5,0,68.3,12.757935031105717,102.01939919850184,58.1,0
2023-06-30 21:00:00,14.8,5,66.0,24.37458423514377,66.1932449672515,58.64,0
2023-06-30 22:00:00,12.6,15,81.6,-87.0839284788959,56.990678222182254,54.68,0
2023-07-01 04:00:00,11.1,0,79.7,89.59489002183611,-155.2485936879045,51.98,0
2023-07-01 20:00:00,11.6,0,61.5,-43.01126527772735,151.44890428030305,52.879999999999995,0
2023-07-02 12:00:00,11.5,5,42.3,-62.11344399418032,112.27180464373674,52.7,0
2023-07-02 16:00:00,8.0,0,66.8,68.04603231200224,53.38710982756854,46.4,0
2023-07-02 17:00:00,13.9,0,38.3,11.834091110392066,-98.71576122577352,57.02,0
2023-07-02 17:00:00,7.8,10,60.7,-78.09026600980071,15.932641325490295,46.04,0
2023-07-03 04:00:00,11.4,0,42.6,-18.731299284729033,-28.534837475297962,52.52,0
2023-07-03 11:00:00,10.0,5,46.0,-15.152657756686025,171.52435059674764,50.0,0
2023-07-04 09:00:00,8.5,5,52.6,29.13022532051967,-144.15130312558958,47.3,0
2023-07-04 21:00:00,5.4,0,69.4,33.848200273343195,87.80586742877472,41.72,0
2023-07-05 02:00:00,8.3,0,54.4,88.21959229563583,4.634907229896385,46.94,0
2023-07-05 13:00:00,4.1,0,37.7,81.0959077717936,28.27505455327133,39.38,0
2023-07-05 22:00:00,7.5,0,54.8,30.678180083445156,85.1303428628662,45.5,0
2023-07-06 02:00:00,13.6,0,56.6,2.6030389931809452,41.98391213949904,56.48,0
2023-07-06 02:00:00,8.1,0,47.8,12.982133469997137,-23.39474603751958,46.58,0
2023-07-06 14:00:00,11.2,5,59.6,-73.82216668749108,72.31165100779677,52.16,0
2023-07-07 02:00:00,8.6,0,50.0,-80.50225358527153,129.47232432693835,47.48,0
2023-07-07 11:00:00,13.0,0,50.8,-40.7447247850611,58.68979334033307,55.4,0
2023-07-08 21:00:00,5.1,0,48.1,58.69164321869138,78.92827220729947,41.18,0
2023-07-08 21:00:00,5.2,0,48.0,-64.80227219008268,-39.269726337181595,41.36,0
2023-07-09 08:00:00,5.0,0,31.8,-80.7671071833812,53.44724048408534,41.0,0
2023-07-09 13:00:00,10.3,0,46.0,73.65154752964543,-20.093973523788037,50.54,0
2023-07-09 14:00:00,8.0,0,45.3,49.868871417316115,-130.274894469511,46.4,0
2023-07-09 20:00:00,9.1,5,50.8,-26.13026600223072,58.434448874249654,48.379999999999995,0
2023-07-10 09:00:00,10.7,5,36.8,26.05414474382735,52.278687304079,51.26,0
2023-07-10 19:00:00,9.5,0,46.8,29.434246904421414,-111.6448815254688,49.1,0
2023-07-11 00:00:00,5.3,0,56.6,80.41612404460332,162.742480790041,41.54,0
2023-07-11 01:00:00,10.3,15,43.7,-50.722643780609,-127.18975895453465,50.54,0
2023-07-11 14:00:00,10.7,0,49.6,64.76304146609621,95.70911179850714,51.26,0
2023-07-11 18:00:00,8.6,0,60.7,58.627971280920065,124.60471579088335,47.48,0
2023-07-12 14:00:00,7.8,15,45.6,-17.961790347059036,85.6539968395681,46.04,0
2023-07-12 18:00:00,7.6,0,40.8,-89.88238966296608,-60.617934321179774,45.68,0
2023-07-12 21:00:00,4.8,0,46.2,-22.948392320376144,-100.93142570595515,40.64,0
2023-07-13 07:00:00,7.3,0,66.0,50.31300625633142,-22.951430511423354,45.14,0
2023-07-13 07:00:00,7.4,0,48.0,-71.9557985298822,105.81664804266649,45.32,0
2023-07-13 12:00:00,3.8,0,32.7,-6.0873135970397385,-125.37255133690113,38.839999999999996,0
2023-07-13 14:00:00,6.4,0,51.2,-2.189822662077745,64.46397761842945,43.519999999999996,0
2023-07-13 22:00:00,5.8,0,62.7,-21.772712631053693,-5.810321208847881,42.44,0
2023-07-14 08:00:00,9.4,5,50.7,-88.85177218681368,12.441318896271127,48.92,0
2023-07-14 20:00:00,12.3,0,45.8,-68.33023581796398,150.91489117934105,54.14,0
2023-07-15 07:00:00,8.8,0,32.2,-17.873249969796007,135.98978575054497,47.84,0
2023-07-16 00:00:00,2.9,0,45.3,18.4408995539858,86.98582348268002,37.22,0
2023-07-16 14:00:00,2.0,0,51.8,82.46124160549809,108.33793975491488,35.6,0
2023-07-16 23:00:00,11.9,0,35.8,-65.7762719212606,-134.5984839448522,53.42,0
2023-07-17 07:00:00,3.9,0,50.3,9.851724590823764,9.39384477055512,39.02,0
2023-07-17 23:00:00,5.9,5,57.9,72.76379245336173,-19.178471267049417,42.620000000000005,0
2023-07-18 05:00:00,-0.4,0,30.0,-80.89684131163881,-179.6603705036528,31.28,0
2023-07-20 02:00:00,3.9,5,53.3,-24.947319767906464,101.48072867888033,39.02,0
2023-07-20 15:00:00,1.6,0,53.0,-4.076928337967757,-108.28091309865246,34.88,0
2023-07-20 16:00:00,2.7,0,39.1,-61.88372857249213,-120.14808107410778,36.86,0
2023-07-20 20:00:00,3.7,0,51.6,15.217760386702466,-15.520294174583938,38.660000000000004,0
2023-07-20 22:00:00,3.6,0,53.2,-81.23492728801264,168.10866526259355,38.48,0
2023-07-21 04:00:00,10.0,0,36.8,57.37324130712915,147.3946213269155,50.0,0
2023-07-21 04:00:00,2.8,0,40.2,-37.06785680818,155.83236844558792,37.04,0
2023-07-21 07:00:00,5.3,15,37.2,-61.07767475186787,121.98739028546481,41.54,0
2023-07-21 21:00:00,5.9,0,30.0,11.840679871379336,-38.47615264545149,42.620000000000005,0
2023-07-22 01:00:00,3.0,0,40.4,-61.15939182422887,24.82397398146628,37.4,0
2023-07-22 01:00:00,2.6,0,40.4,17.294751942895076,128.71101879069255,36.68,0
2023-07-22 19:00:00,5.9,0,54.4,62.12175326928627,135.17591414252274,42.620000000000005,0
2023-07-22 22:00:00,13.0,0,44.0,-33.86170156252946,-64.4923646100563,55.4,0
2023-07-22 22:00:00,7.1,0,33.1,34.03577767468134,109.86278304973564,44.78,0
2023-07-23 21:00:00,4.4,0,32.7,-17.635100960116674,143.7296105841129,39.92,0
2023-07-24 04:00:00,5.8,0,38.3,-36.75166245062351,-56.42082393679863,42.44,0
2023-07-24 06:00:00,-1.9,0,30.0,-15.789648990300194,78.21427531167228,28.580000000000002,0
2023-07-24 09:00:00,0.9,0,47.6,-5.227154561747966,-137.10935808142267,33.62,0
2023-07-24 11:00:00,0.9,5,58.6,-79.74382914047371,136.7108648259637,33.62,0
2023-07-24 23:00:00,2.9,0,30.0,-68.41960317491183,-6.03645268484334,37.22,0
2023-07-25 02:00:00,2.1,0,34.5,-85.68967225131297,-63.78847435877388,35.78,0
2023-07-25 14:00:00,5.5,0,50.4,63.207132376676725,92.32239167600824,41.9,0
2023-07-25 15:00:00,2.4,0,47.6,-14.547082337618164,51.40622538227129,36.32,0
2023-07-26 00:00:00,-1.8,20,53.9,-36.7322347014091,-66.40805496127122,28.76,0
2023-07-26 02:00:00,6.7,5,47.4,-31.461984670281964,16.803815363032214,44.06,0
2023-07-26 02:00:00,3.5,0,30.0,69.49549958643294,-165.06096281643372,38.3,0
2023-07-26 06:00:00,3.9,0,52.8,-21.428667895774495,167.96103817699588,39.02,0
2023-07-26 08:00:00,2.7,0,42.9,47.24045256147633,-132.94176350768737,36.86,0
2023-07-26 16:00:00,1.1,0,30.0,-53.72489195886369,6.95256935122913,33.98,0
2023-07-26 16:00:00,9.5,0,37.4,-5.747570237827773,129.06232363855963,49.1,0
2023-07-26 17:00:00,4.6,5,36.3,4.584655324060776,152.87104480630921,40.28,0
2023-07-26 22:00:00,-0.5,0,58.0,-62.63125786359147,-67.65694392527257,31.1,0
2023-07-27 04:00:00,3.4,0,51.6,-13.298177168598457,-165.86458140648233,38.12,0
2023-07-27 07:00:00,4.7,0,48.8,29.144453874662076,4.461415463558353,40.46,0
2023-07-27 11:00:00,4.4,15,30.0,45.13853685799003,-82.5986676643231,39.92,0
2023-07-27 16:00:00,8.4,10,54.8,41.55666223970886,-134.76834273156697,47.120000000000005,0
2023-07-28 00:00:00,2.7,5,44.0,-2.496512661313659,162.85923086354086,36.86,0
2023-07-28 23:00:00,4.0,0,51.6,-79.26888143796137,-101.71694440179506,39.2,0
2023-07-29 11:00:00,1.1,0,39.0,5.38930564744193,113.6683370254035,33.98,0
2023-07-29 19:00:00,2.4,0,44.9,-19.45609867009638,74.3774864379184,36.32,0
2023-07-30 10:00:00,-0.0,0,30.0,8.797104277667955,-62.57870851382873,32.0,0
2023-07-30 21:00:00,4.3,0,32.4,-84.16017971150634,-72.69616757879851,39.74,0
2023-07-30 22:00:00,6.6,0,55.9,8.362537511062385,-53.40604595691407,43.879999999999995,0
2023-07-31 01:00:00,6.8,0,50.6,10.184117130387605,155.72401513414593,44.239999999999995,0
2023-07-31 02:00:00,5.0,0,51.5,28.569174970863983,-64.65553698952263,41.0,0
2023-07-31 04:00:00,0.9,5,39.2,20.51465513854187,4.240964365013042,33.62,0
2023-07-31 08:00:00,1.1,0,37.9,-38.78255057815192,-157.03395974870477,33.98,0
2023-07-31 19:00:00,8.3,0,49.1,-61.427382592624284,128.99625799638886,46.94,0
2023-07-31 23:00:00,3.2,0,30.6,-62.914991218920456,-136.66911256440503,37.76,0
2023-08-01 08:00:00,0.3,0,30.7,-67.61774854244334,153.6867223725111,32.54,0
2023-08-01 23:00:00,3.9,10,39.5,-3.3699687805373344,179.56545689363566,39.02,0
2023-08-02 13:00:00,0.5,15,37.0,-7.482343656341158,-96.81089296518137,32.9,0
2023-08-03 14:00:00,7.4,0,37.9,-88.8364155978521,-2.879377404450196,45.32,0
2023-08-03 23:00:00,5.5,0,50.6,77.97691579667512,-130.18622590059962,41.9,0
2023-08-04 00:00:00,9.2,0,42.2,11.883316479807775,-176.72866741756212,48.56,0
2023-08-04 05:00:00,-0.1,0,32.4,-57.08919962361292,142.91830417118797,31.82,0
2023-08-04 20:00:00,3.2,0,37.7,-7.572781001874972,127.41943757106702,37.76,0
2023-08-04 20:00:00,-0.5,0,30.0,-73.00459842111343,29.419749890451612,31.1,0
2023-08-05 00:00:00,-1.0,0,32.5,-9.591385093466343,80.65050795825164,30.2,0
2023-08-05 05:00:00,3.5,0,41.6,72.43434599149862,-34.74685115028015,38.3,0
2023-08-05 08:00:00,5.9,0,54.5,2.4674139387548735,-161.58041767962868,42.620000000000005,0
2023-08-05 23:00:00,2.8,10,39.0,-82.45526099107364,-72.03686652196696,37.04,0
2023-08-06 01:00:00,1.3,0,30.0,-76.18354886002716,67.59691429166452,34.34,0
2023-08-06 05:00:00,-3.8,0,57.5,54.68488028702552,155.79105806171276,25.16,0
2023-08-06 10:00:00,3.8,0,38.2,30.21622320614641,2.7928217478847728,38.839999999999996,0
2023-08-06 15:00:00,4.2,0,47.2,24.799345532206473,-38.24814903645358,39.56,0
2023-08-06 19:00:00,0.9,0,42.4,-33.31467997399877,-106.7274454007173,33.62,0
2023-08-07 05:00:00,4.1,0,30.0,20.063450020618944,-90.00975928722131,39.38,0
2023-08-07 15:00:00,0.3,0,49.5,78.92678847854782,-56.66721018799254,32.54,0
2023-08-07 18:00:00,-0.8,0,43.3,58.77919335446356,-75.11001377841198,30.56,0
2023-08-08 06:00:00,2.5,10,34.8,-34.47570933189288,-105.91402428380819,36.5,0
2023-08-08 12:00:00,-5.1,0,44.8,8.666136491043972,25.52653935077211,22.82,0
2023-08-09 01:00:00,3.3,0,30.0,-12.768773525520132,41.10704795484409,37.94,0
2023-08-09 03:00:00,-0.6,0,40.2,65.95617303714602,73.45132293299648,30.92,0
2023-08-09 20:00:00,7.3,0,53.5,83.83449776755455,-120.15742966140286,45.14,0
2023-08-10 08:00:00,-3.8,0,31.5,80.86915912421105,124.15107074778308,25.16,0
2023-08-10 21:00:00,0.9,0,30.0,-54.675770992890186,173.86087663969232,33.62,0
2023-08-11 01:00:00,-1.0,0,43.5,-58.606331919930085,-132.01766709041766,30.2,0
2023-08-12 19:00:00,-0.8,0,33.0,-84.9865966522066,-165.62788827704955,30.56,0
2023-08-13 08:00:00,-0.1,0,48.4,58.959549409328446,-8.828742516215868,31.82,0
2023-08-13 08:00:00,-0.7,5,30.0,-3.0070287060614618,105.84520209574657,30.74,0
2023-08-13 10:00:00,1.0,0,34.1,-20.29060594352856,-160.34029084315114,33.8,0
2023-08-14 12:00:00,3.9,0,43.2,31.958244933079655,38.636790045503744,39.02,0
2023-08-15 15:00:00,2.5,0,34.0,66.72042614259317,0.20855427509926017,36.5,0
2023-08-15 16:00:00,-0.2,0,42.8,42.831170531566585,81.39054653418617,31.64,0
2023-08-16 00:00:00,5.9,10,50.2,86.07972033478049,-108.32636882306676,42.620000000000005,0
2023-08-16 01:00:00,-1.7,0,30.5,41.15813116258849,-31.9991698818545,28.94,0
2023-08-16 08:00:00,-1.2,0,30.2,78.17474055014824,138.12622836767628,29.84,0
2023-08-16 08:00:00,5.1,0,44.0,82.37369632906581,-9.30313948353131,41.18,0
2023-08-17 02:00:00,1.8,0,44.5,29.710078021193596,65.92114286029675,35.24,0
2023-08-17 11:00:00,-1.4,0,30.7,55.828996192746445,10.334635158258948,29.48,0
2023-08-17 15:00:00,2.2,0,44.9,51.024520808868175,141.81606384119658,35.96,0
2023-08-17 16:00:00,-1.4,5,41.6,-28.19039360802404,-55.7939376271562,29.48,0
2023-08-18 21:00:00,-8.4,0,32.5,34.62377510779456,-153.03749687928587,16.88,0
2023-08-19 03:00:00,3.5,0,35.3,-59.42032682056969,-37.987419298011304,38.3,0
2023-08-19 16:00:00,2.5,0,45.8,23.64755868868518,-18.3317349114447,36.5,0
2023-08-19 19:00:00,-3.7,0,49.7,31.744992217090342,39.73068281453652,25.34,0
2023-08-20 14:00:00,-0.6,0,30.0,-58.77071093609604,-163.00918738894356,30.92,0
2023-08-20 18:00:00,-1.0,0,30.0,-21.0212341294947,147.45434079993998,30.2,0
2023-08-21 07:00:00,-3.6,0,35.0,36.37934174048267,-166.17568416251595,25.52,0
2023-08-23 06:00:00,-0.1,0,39.4,45.2118846517277,-54.42051331489316,31.82,0
2023-08-24 02:00:00,-1.1,0,38.3,-30.54875984962481,-3.677087524233343,30.02,0
2023-08-24 12:00:00,-0.9,0,34.1,-21.421570739688022,106.71860214845185,30.38,0
2023-08-24 21:00:00,-4.1,0,30.0,42.18582176859931,-5.3170359244717815,24.62,0
2023-08-24 23:00:00,-1.7,0,30.0,28.468768373563222,34.728147148875735,28.94,0
2023-08-25 18:00:00,-7.4,0,33.0,75.31155757468045,-33.69004683335328,18.68,0
2023-08-25 23:00:00,-6.7,0,49.2,3.5301016445413467,-93.00278850509333,19.939999999999998,0
2023-08-26 00:00:00,-1.3,5,30.0,0.991576870175507,139.0216658601575,29.66,0
2023-08-26 03:00:00,-6.4,0,41.7,72.78475949889429,78.73852077439284,20.48,0
2023-08-26 11:00:00,-1.9,5,35.4,-89.99447060783116,-107.35381862911551,28.580000000000002,0
2023-08-26 19:00:00,-1.2,0,35.9,83.40485768028682,53.54896100220654,29.84,0
2023-08-27 01:00:00,-2.6,5,44.0,-39.30911242098629,115.29119482016029,27.32,0
2023-08-27 09:00:00,1.8,0,30.0,22.61714209690976,171.88436274618334,35.24,0
2023-08-27 19:00:00,-0.4,0,40.5,61.04638945273544,-56.855003523280075,31.28,0
2023-08-28 07:00:00,-4.8,0,47.8,-56.79737080922099,-118.63349583060887,23.36,0
2023-08-30 16:00:00,1.5,0,30.0,18.78467754865879,-98.18602071852158,34.7,0
2023-08-31 06:00:00,-4.5,0,30.0,-50.31222490534513,-119.10171821672873,23.9,0
2023-08-31 10:00:00,-0.6,0,39.5,-28.32387362594612,-78.01761474267217,30.92,0
2023-08-31 14:00:00,-1.7,0,37.3,71.38343852442182,96.39526237716154,28.94,0
2023-09-01 10:00:00,-8.4,0,36.2,-30.918040977898904,167.63003109604813,16.88,0
2023-09-02 01:00:00,-3.9,0,36.5,13.838616236017529,167.8587471893469,24.98,0
2023-09-02 05:00:00,-1.3,0,37.0,71.63363643260195,-23.87004072466317,29.66,0
2023-09-03 00:00:00,-2.3,0,30.0,29.119991844894926,45.96079577717114,27.86,0
2023-09-04 09:00:00,-7.1,0,30.5,20.129583618579858,110.97655603786018,19.22,0
2023-09-04 23:00:00,2.6,15,40.6,33.176564806562055,142.4000667145986,36.68,0
2023-09-05 02:00:00,-3.2,0,30.0,-62.73980605163568,38.12285346461388,26.240000000000002,0
2023-09-05 15:00:00,-5.2,0,32.0,23.41676283509942,-39.88489729556204,22.64,0
2023-09-06 01:00:00,-3.0,0,30.0,-60.69762194287871,87.22520333530099,26.6,0
2023-09-06 07:00:00,-1.4,0,30.4,-18.120135564139943,163.1905803296541,29.48,0
2023-09-06 11:00:00,-1.5,0,30.0,-14.562094874924654,47.42007059757026,29.3,0
2023-09-06 21:00:00,0.2,0,37.9,-46.67930734371245,123.77263091699018,32.36,0
2023-09-07 06:00:00,-3.2,5,30.8,-48.60112428661671,128.8565690390384,26.240000000000002,0
2023-09-07 09:00:00,-3.2,0,45.8,-1.9093432668140338,-104.5115001251277,26.240000000000002,0
2023-09-07 15:00:00,-5.5,5,31.0,-65.31327213250623,-172.75037437825566,22.1,0
2023-09-07 21:00:00,-1.8,0,30.0,13.31097589242188,16.450548772689302,28.76,0
2023-09-08 00:00:00,-3.8,10,37.0,-15.331382006156645,20.767928826762983,25.16,0
2023-09-08 04:00:00,-5.6,0,31.6,-2.9155428250834916,-32.69426851494413,21.92,0
2023-09-08 11:00:00,-1.8,0,30.0,-72.28364596175362,-110.7871493514869,28.76,0
2023-09-09 00:00:00,-3.8,0,30.0,-75.19098163012886,155.42654519394296,25.16,0
2023-09-09 00:00:00,-6.4,10,46.3,58.404873168818824,-150.9909075768551,20.48,0
2023-09-09 05:00:00,-5.6,0,37.6,-66.05823619668082,99.98204762440548,21.92,0
2023-09-09 20:00:00,-4.2,0,30.0,-18.719826050589262,2.1332880527018006,24.439999999999998,0
2023-09-10 17:00:00,-2.3,0,30.0,-33.23452621209885,-19.90340033099912,27.86,0
2023-09-10 22:00:00,-3.6,0,30.0,1.0676977775205216,-150.03969616509397,25.52,0
2023-09-10 22:00:00,-5.3,0,37.4,-13.248295775707945,27.940709029368122,22.46,0
2023-09-11 10:00:00,-5.1,0,42.0,-57.4394577517983,-54.783954924103455,22.82,0
2023-09-11 22:00:00,-6.9,0,30.0,1.9045363427207747,17.607467390425796,19.58,0
2023-09-12 05:00:00,-6.0,0,30.0,-64.1754977367564,-11.620578250385677,21.2,0
2023-09-12 05:00:00,-8.5,0,30.0,87.04209717245934,-111.55364412526596,16.7,0
2023-09-13 03:00:00,-3.6,5,30.0,53.84843479886078,43.284545626003364,25.52,0
2023-09-13 04:00:00,-5.7,0,32.5,35.6099013909306,-159.75925385365,21.74,0
2023-09-13 06:00:00,-2.9,0,37.5,78.38721243494922,-106.4728417073656,26.78,0
2023-09-13 10:00:00,-12.2,15,30.0,12.826884588677515,-57.873361977418924,10.04,0
2023-09-14 03:00:00,-5.9,0,30.0,72.43258969992144,25.507417060354157,21.38,0
2023-09-14 05:00:00,-5.9,0,30.0,-50.779551667186084,5.307189752440763,21.38,0
2023-09-14 10:00:00,-5.7,5,37.3,-79.27432247643414,37.16835216625074,21.74,0
2023-09-15 01:00:00,-3.3,5,30.0,1.0254138806473208,-94.21571860088703,26.060000000000002,0
2023-09-15 07:00:00,-8.2,0,30.0,49.098855539714236,159.1409590158944,17.240000000000002,0
2023-09-15 08:00:00,-1.7,0,30.0,-86.23185879118802,1.669423671876558,28.94,0
2023-09-15 19:00:00,-8.5,0,30.3,-49.56166842448201,-131.8398678021715,16.7,0
2023-09-16 04:00:00,-2.7,0,50.8,59.870119198703605,-103.1245723834771,27.14,0
2023-09-16 08:00:00,-2.7,0,30.0,-40.12753505158807,-59.10610872904758,27.14,0
2023-09-16 09:00:00,-4.9,0,30.0,-26.042445274700214,41.551480735500746,23.18,0
2023-09-16 20:00:00,-4.5,15,30.0,-59.231447564247304,94.38285138539209,23.9,0
2023-09-17 05:00:00,-5.4,0,30.0,-54.24397615846696,-131.97011921164545,22.28,0
2023-09-17 06:00:00,-7.6,10,30.0,-52.50322979846677,-158.07400443533422,18.32,0
2023-09-17 09:00:00,-8.2,0,34.8,29.100106733254023,-83.10183444301349,17.240000000000002,0
2023-09-19 10:00:00,-3.7,5,35.1,-20.281946764443475,-176.14249282967077,25.34,0
2023-09-19 13:00:00,-7.3,5,54.7,-18.663727410320305,98.81481712312473,18.86,0
2023-09-20 09:00:00,-9.0,0,30.0,-38.587322058796246,-114.56510480597008,15.8,0
2023-09-22 07:00:00,-8.5,0,30.0,-39.41104496995995,139.09693030565103,16.7,0
2023-09-22 22:00:00,-2.2,0,30.0,17.45014021437106,-14.989147406529781,28.04,0
2023-09-23 05:00:00,-4.8,0,32.5,-44.78953184128777,-69.23552778793852,23.36,0
2023-09-23 07:00:00,-2.2,0,43.6,-25.593975119593253,69.61591386678688,28.04,0
2023-09-23 08:00:00,-4.2,0,38.1,-20.39272973208398,-55.0947778640691,24.439999999999998,0
2023-09-23 17:00:00,-4.6,0,43.2,-23.869668834527317,-90.52566446612664,23.72,0
2023-09-24 10:00:00,-5.1,0,30.0,31.291001688600844,151.39291863691966,22.82,0
2023-09-24 21:00:00,-0.5,0,30.0,53.26674968583043,-71.11212571387091,31.1,0
2023-09-25 10:00:00,-6.2,5,34.3,-28.562643728990615,-161.01217722160175,20.84,0
2023-09-25 14:00:00,-5.8,0,36.8,29.973955804746282,176.50266141057887,21.560000000000002,0
2023-09-25 15:00:00,-5.2,0,30.0,-68.31947880061823,131.17185592415035,22.64,0
2023-09-26 04:00:00,-6.5,0,30.0,-63.1350954465347,133.07388653238166,20.3,0
2023-09-26 05:00:00,-8.7,0,30.0,74.04105421415352,-32.13664434323567,16.34,0
2023-09-26 14:00:00,-6.3,0,30.0,-75.10736958872582,-175.00963107137036,20.66,0
2023-09-26 17:00:00,-4.8,0,30.0,-18.976983242593718,-61.976578361105425,23.36,0
2023-09-27 23:00:00,-6.4,10,42.7,-48.631189356428685,88.27730736870046,20.48,0
2023-09-27 23:00:00,-0.7,0,48.1,-56.650166939962794,-129.79791496614234,30.74,0
2023-09-28 02:00:00,-9.6,0,35.7,9.624919717772983,-19.32251040483797,14.720000000000002,0
2023-09-28 05:00:00,-7.4,0,38.9,-64.3398200940392,-20.361922979024143,18.68,0
2023-09-28 14:00:00,-6.0,10,32.6,29.488405473490516,-141.61549718282475,21.2,0
2023-09-28 18:00:00,-2.1,0,30.0,-8.989444903279448,36.09050763584989,28.22,0
2023-09-28 21:00:00,-6.8,0,30.9,-5.817381752722127,-110.87158711091597,19.76,0
2023-09-29 03:00:00,-5.7,0,30.0,34.390046293067115,3.2018652251568653,21.74,0
2023-09-29 09:00:00,0.4,0,35.4,-75.56638377381961,12.795290315207353,32.72,0
2023-09-29 13:00:00,-6.7,0,35.0,89.37473558375146,-155.50656692699891,19.939999999999998,0
2023-09-29 17:00:00,-4.1,0,30.0,-87.5371653430774,123.8376498991289,24.62,0
2023-09-30 00:00:00,-7.8,0,30.0,5.8125376712617935,-120.85673642193265,17.96,0
2023-09-30 01:00:00,-0.7,0,30.0,-12.377903437519578,-151.97165294084294,30.74,0
2023-09-30 02:00:00,-5.8,0,30.0,31.05130728125684,118.64369931421271,21.560000000000002,0
2023-09-30 03:00:00,-3.0,0,30.0,20.30325039657187,99.08443400366019,26.6,0
2023-09-30 11:00:00,-2.4,0,30.0,-50.17703463970848,1.2042470182154545,27.68,0
2023-09-30 12:00:00,-3.2,0,32.6,17.884750507589814,170.9655382116846,26.240000000000002,0
2023-09-30 14:00:00,-7.0,0,30.0,-77.38053486457375,113.17821144086935,19.4,0
2023-10-01 10:00:00,0.7,0,30.0,62.659662302813416,34.33189325647416,33.26,0
2023-10-01 11:00:00,-8.5,0,33.7,-59.27249460375357,125.67528718512341,16.7,0
2023-10-01 15:00:00,-7.1,0,30.0,62.99267949057696,-70.38344723254906,19.22,0
2023-10-01 15:00:00,-3.6,5,30.0,-9.173021772577343,70.92869976154782,25.52,0
2023-10-02 03:00:00,-3.1,0,36.9,-55.81149543763904,35.21088482454505,26.42,0
2023-10-03 02:00:00,-6.2,0,30.0,-16.813703275294998,-6.473757680304288,20.84,0
2023-10-03 13:00:00,-4.9,0,30.0,-19.48635889878993,-56.510383467591225,23.18,0
2023-10-03 15:00:00,-3.8,0,30.1,73.51821933828754,-67.34896270962386,25.16,0
2023-10-03 17:00:00,-8.2,0,46.9,-5.0868292466809635,-74.18996621822384,17.240000000000002,0
2023-10-03 23:00:00,-6.9,0,30.0,-72.35861673946661,25.63170622664893,19.58,0
2023-10-04 00:00:00,-3.0,0,30.0,58.23940079012743,115.06495303715218,26.6,0
2023-10-04 13:00:00,0.3,0,44.5,-8.246940707392909,147.57485693749868,32.54,0
2023-10-04 22:00:00,-3.4,10,37.0,48.344639564376365,-5.940689361550625,25.880000000000003,0
2023-10-05 09:00:00,-2.0,0,34.2,2.107340480646158,-5.697708421173303,28.4,0
2023-10-06 11:00:00,-8.1,0,30.0,65.19653525847397,129.28023275288996,17.42,0
2023-10-06 22:00:00,-0.0,0,34.4,-83.75891323930804,-120.42008112108397,32.0,0
2023-10-07 00:00:00,-5.3,0,42.5,11.988946602983333,-69.18510599059711,22.46,0
2023-10-08 05:00:00,-2.4,10,30.0,-64.5797621928331,-108.49261900972712,27.68,0
2023-10-08 23:00:00,-4.3,15,30.0,67.3753201446745,-14.28154176860457,24.26,0
2023-10-09 13:00:00,-6.4,0,30.1,4.212246765961481,70.1892479237313,20.48,0
2023-10-09 13:00:00,-1.3,0,30.0,-48.334461522246336,-17.87386111891459,29.66,0
2023-10-10 09:00:00,-4.2,0,34.1,-42.96005678063092,24.949794388392718,24.439999999999998,0
2023-10-10 15:00:00,-3.8,0,31.9,-1.8675968309559323,-26.11204985999194,25.16,0
2023-10-10 18:00:00,-5.5,0,30.0,-52.10875086023827,-118.14139427124296,22.1,0
2023-10-10 21:00:00,-0.3,0,30.0,83.42639054537895,78.36341680565982,31.46,0
2023-10-10 22:00:00,-2.3,0,30.0,-10.061359756808642,-172.43670348491014,27.86,0
2023-10-12 00:00:00,-1.9,0,30.0,-17.566873326123883,-38.9480779378182,28.580000000000002,0
2023-10-12 04:00:00,-4.1,0,30.0,57.687765206449455,-147.12273563991945,24.62,0
2023-10-12 06:00:00,0.8,0,42.7,-60.93758986843679,112.18572520014726,33.44,0
2023-10-13 00:00:00,-2.6,0,30.0,-36.01042744013592,177.16883021228978,27.32,0
2023-10-13 01:00:00,-3.1,5,35.2,-60.72105328101267,175.72466734366873,26.42,0
2023-10-13 10:00:00,-9.3,0,30.0,-60.65655951332048,109.83503233480855,15.259999999999998,0
2023-10-13 17:00:00,-6.1,0,40.2,-37.90088610849217,33.01810880126416,21.02,0
2023-10-13 17:00:00,-7.6,0,39.0,34.56202607039785,-119.22839791755689,18.32,0
2023-10-13 21:00:00,-8.5,5,34.4,13.83432860388605,135.32577299996206,16.7,0
2023-10-14 01:00:00,-5.7,5,43.3,-56.72908836953551,-0.6001098140746137,21.74,0
2023-10-14 04:00:00,-2.0,0,30.0,71.70956398512627,-95.91575001530005,28.4,0
2023-10-14 05:00:00,-6.6,0,30.0,-69.0150465799746,-55.59134908650731,20.12,0
2023-10-14 22:00:00,-3.6,0,31.0,12.130369948093204,24.576701856756614,25.52,0
2023-10-15 03:00:00,-1.1,0,31.0,-22.77756987611305,-155.14670271190502,30.02,0
2023-10-15 15:00:00,-6.7,0,30.0,79.12234602452983,-176.21523916500473,19.939999999999998,0
2023-10-15 18:00:00,-9.7,0,30.0,79.29071151829245,-70.23487522137714,14.54,0
2023-10-16 10:00:00,-3.8,20,37.8,10.267292389506324,-49.49928556865527,25.16,0
2023-10-16 12:00:00,-1.3,0,31.6,-57.774305260514915,65.26155979167618,29.66,0
2023-10-16 16:00:00,-6.9,0,30.5,-52.64263148297338,112.30064446963803,19.58,0
2023-10-17 21:00:00,-1.0,0,39.0,14.12865148127942,-49.17458448020628,30.2,0
2023-10-18 04:00:00,-2.6,0,48.2,1.7737217190823884,4.000909856220204,27.32,0
2023-10-18 16:00:00,0.9,0,34.4,-14.467071094774141,48.50789079745064,33.62,0
2023-10-18 22:00:00,-2.2,0,35.2,-36.66135565803599,-131.603966146962,28.04,0
2023-10-19 01:00:00,-2.4,5,30.0,-58.1123658199274,-16.983070097642354,27.68,0
2023-10-19 03:00:00,-4.0,0,33.1,-55.69023004659904,131.77284301647234,24.8,0
2023-10-19 04:00:00,-5.8,0,30.0,-58.47783477653642,129.1313236480466,21.560000000000002,0
2023-10-20 09:00:00,-2.0,5,54.7,20.45482253808909,-9.248880647365098,28.4,0
2023-10-21 11:00:00,-10.7,0,30.0,0.050136337396864405,131.4255957751418,12.740000000000002,0
2023-10-21 23:00:00,-9.4,0,33.9,51.726952466869136,-102.22868145849401,15.079999999999998,0
2023-10-22 06:00:00,-6.3,0,45.1,69.27392118528078,-28.010795802955897,20.66,0
2023-10-22 06:00:00,-1.7,0,39.5,-16.67420564169018,99.31581160908951,28.94,0
2023-10-22 16:00:00,2.9,0,31.3,-56.766157677473544,-176.4321496231847,37.22,0
2023-10-22 17:00:00,-4.8,5,30.7,-67.40103781827412,51.399868852774034,23.36,0
2023-10-22 20:00:00,-6.1,20,30.0,12.651648971650289,81.72666972508824,21.02,0
2023-10-23 17:00:00,-3.2,0,44.9,-87.67845543788542,-71.65212493261619,26.240000000000002,0
2023-10-24 07:00:00,-4.4,0,37.7,-5.995238240806486,68.84879896295615,24.08,0
2023-10-24 07:00:00,-5.8,0,30.0,28.559043889158048,-58.56098081552443,21.560000000000002,0
2023-10-24 20:00:00,-4.0,0,57.8,55.74150652786008,-160.21212953766405,24.8,0
2023-10-25 00:00:00,-8.1,0,30.0,18.164161018635497,-77.32591103505094,17.42,0
2023-10-25 02:00:00,-7.6,5,41.8,-14.689883991899961,-61.42346305125274,18.32,0
2023-10-25 02:00:00,-8.5,0,30.0,-14.905184658376228,147.4374502843698,16.7,0
2023-10-25 03:00:00,-4.6,0,30.0,40.50109373384137,143.05885828693738,23.72,0
2023-10-25 04:00:00,-0.4,10,30.0,42.28665253108096,175.2825403397871,31.28,0
2023-10-25 18:00:00,-5.1,0,40.7,-73.54404147291513,132.37275525092605,22.82,0
2023-10-27 07:00:00,-2.9,15,42.2,54.749801697099144,-31.988038867204665,26.78,0
2023-10-27 09:00:00,-5.2,0,35.6,-41.7286138059156,-148.27160484839106,22.64,0
2023-10-27 13:00:00,-0.3,5,36.3,14.020400284935903,43.679024696054626,31.46,0
2023-10-27 14:00:00,-4.1,0,31.2,28.153728630118238,-38.801594363925545,24.62,0
2023-10-27 14:00:00,-6.4,0,30.0,-27.813446329779772,-145.18995847647582,20.48,0
2023-10-29 08:00:00,4.1,5,30.0,89.92038658507894,-119.2109531866578,39.38,0
2023-10-29 10:00:00,-7.5,10,33.7,73.90902909859591,79.33823949112048,18.5,0
2023-10-30 04:00:00,-3.7,0,30.0,44.47408808322521,-93.66481720562751,25.34,0
2023-10-30 05:00:00,-5.5,15,30.0,-33.501946227295086,63.21123848427797,22.1,0
2023-10-30 12:00:00,-1.4,5,44.8,35.48946458483648,12.725196502196411,29.48,0
2023-10-30 13:00:00,-2.8,10,30.0,-28.925051884277856,70.97985154452616,26.96,0
2023-10-31 00:00:00,-5.9,0,30.0,-54.66702558400793,-138.9722806370732,21.38,0
2023-10-31 08:00:00,-4.6,5,39.5,34.075874178484256,-97.8007491473001,23.72,0
2023-10-31 22:00:00,-4.4,0,30.0,80.26643592577557,-90.09209547743212,24.08,0
2023-11-01 03:00:00,-3.1,0,32.7,-71.41229840249129,101.93811513253098,26.42,0
2023-11-01 06:00:00,-2.7,0,30.0,7.9557592506663894,143.26387782660692,27.14,0
2023-11-01 10:00:00,-4.4,0,48.2,-74.6898506119366,-165.47981323015728,24.08,0
2023-11-01 12:00:00,-2.0,5,43.7,14.104757360977203,-94.04936240903133,28.4,0
2023-11-02 07:00:00,0.2,15,30.0,-4.0650858935363345,100.81731133441565,32.36,0
2023-11-02 09:00:00,2.9,5,34.5,-42.13287888621862,137.1222577961109,37.22,0
2023-11-03 04:00:00,-1.2,5,38.8,53.32384970214969,-81.12028687635404,29.84,0
2023-11-04 09:00:00,-1.9,0,53.0,-19.42315615717692,47.29535195161557,28.580000000000002,0
2023-11-04 10:00:00,-1.2,0,48.0,-86.02809323718765,-150.27402310730022,29.84,0
2023-11-04 15:00:00,-5.4,0,39.8,-80.95625823186322,-14.076598245630521,22.28,0
2023-11-04 17:00:00,-8.2,5,30.8,-2.2922362619908654,63.98036683247537,17.240000000000002,0
2023-11-05 16:00:00,-0.5,0,30.0,36.312889297906295,59.30611376790466,31.1,0
2023-11-05 23:00:00,0.5,0,41.4,85.91038786196052,42.189921762108014,32.9,0
2023-11-06 10:00:00,-0.7,0,30.0,58.189178282405436,-113.12029630846519,30.74,0
2023-11-06 17:00:00,-5.0,0,30.0,7.250200773735784,-78.54299881363008,23.0,0
2023-11-06 21:00:00,-5.8,0,41.8,-18.086618774351734,-155.45281688443342,21.560000000000002,0
2023-11-07 01:00:00,-3.5,0,30.0,88.47589964892958,-67.3796888912808,25.7,0
2023-11-07 06:00:00,-4.5,0,30.0,77.85987811547616,-44.149256353205715,23.9,0
2023-11-08 06:00:00,-3.6,0,32.0,7.428619969502051,24.91432672659397,25.52,0
2023-11-08 09:00:00,0.0,0,30.0,-26.11841697242027,48.83231590294076,32.0,0
2023-11-08 11:00:00,3.2,0,42.3,78.25138478789418,29.545247204720482,37.76,0
2023-11-08 20:00:00,-5.8,5,30.0,59.82543713897908,171.82217634369454,21.560000000000002,0
2023-11-08 21:00:00,-0.3,0,30.0,-87.01335348613239,158.75723612679735,31.46,0
2023-11-09 00:00:00,-0.5,0,30.0,62.03986363624037,147.89745528707346,31.1,0
2023-11-09 07:00:00,-1.8,0,40.1,-21.9889415291064,-41.021663165339106,28.76,0
2023-11-09 12:00:00,-2.9,0,49.6,3.341103959832111,168.02432191263892,26.78,0
2023-11-09 14:00:00,-5.9,0,39.0,87.91577891342658,-43.29453426420645,21.38,0
2023-11-09 18:00:00,3.9,5,37.1,49.543929330290865,-56.12701757420085,39.02,0
2023-11-10 14:00:00,-3.2,0,30.0,-34.83657575229234,79.25668593513848,26.240000000000002,0
2023-11-10 16:00:00,0.9,0,30.0,-7.357675808397445,16.936324421607992,33.62,0
2023-11-10 18:00:00,-6.7,0,30.0,-41.13143954231196,-89.2177641016092,19.939999999999998,0
2023-11-11 12:00:00,3.4,0,49.1,57.72530893802028,139.74888587806947,38.12,0
2023-11-11 22:00:00,-1.2,0,37.5,-44.48553871497999,96.99932859176045,29.84,0
2023-11-11 22:00:00,-4.3,0,30.8,-29.258229786438783,83.25021216505502,24.26,0
2023-11-12 18:00:00,-2.5,5,30.0,-43.259248988925485,115.65005564149357,27.5,0
2023-11-12 18:00:00,-0.3,0,37.0,13.295852941877342,-86.09427145364799,31.46,0
2023-11-13 04:00:00,2.6,0,30.0,-17.506892745570468,108.04952979074733,36.68,0
2023-11-13 13:00:00,4.7,0,32.8,52.887258703447145,169.13479126816253,40.46,0
2023-11-14 11:00:00,1.6,0,30.0,-32.84105395363408,58.73264963107516,34.88,0
2023-11-14 19:00:00,0.0,0,38.6,58.834540975095564,-47.1109702286864,32.0,0
2023-11-15 01:00:00,-1.1,0,52.2,-76.17545130340412,-110.87420949358678,30.02,0
2023-11-16 02:00:00,1.4,0,30.0,46.82896736222864,127.63706155278493,34.52,0
2023-11-16 04:00:00,-4.9,0,42.2,17.741338779196795,178.3517446531642,23.18,0
2023-11-16 15:00:00,5.4,15,30.0,-29.807787782025244,-137.02283591824914,41.72,0
2023-11-16 20:00:00,-4.6,0,37.7,-21.214894530137528,-64.44106356927679,23.72,0
2023-11-16 21:00:00,-0.6,0,30.0,-10.253932859228513,-40.59966916432549,30.92,0
2023-11-17 08:00:00,6.1,0,36.0,-68.63236280835994,-2.53549020389039,42.980000000000004,0
2023-11-17 12:00:00,-0.5,0,30.0,28.45839925016857,-6.998421298943498,31.1,0
2023-11-18 06:00:00,0.1,0,46.7,19.284350559043844,-126.7349997206139,32.18,0
2023-11-18 08:00:00,-3.2,0,30.0,14.525835219771295,-124.63786601524217,26.240000000000002,0
2023-11-19 02:00:00,1.6,0,33.7,-43.83664901698212,-26.46009099292999,34.88,0
2023-11-19 03:00:00,-1.6,0,31.9,9.924081615573925,-121.19239809246366,29.12,0
2023-11-19 04:00:00,-0.4,0,33.5,-4.483822883981745,63.67401929792754,31.28,0
2023-11-20 09:00:00,-0.1,0,35.8,12.959258091046706,-38.29121270012084,31.82,0
2023-11-20 13:00:00,-4.3,0,30.0,32.345499030002145,-114.54564497855804,24.26,0
2023-11-20 18:00:00,-1.1,5,30.0,-2.7831608855980505,53.77637528518406,30.02,0
2023-11-20 20:00:00,-4.6,10,46.4,59.5708507899123,175.9825948693187,23.72,0
2023-11-20 21:00:00,2.4,0,40.1,14.963439437925032,-36.00611341431534,36.32,0
2023-11-21 02:00:00,2.3,0,44.7,-70.94262272163672,-67.06687508742375,36.14,0
2023-11-22 21:00:00,2.8,0,30.0,-4.169002008037609,-8.285978657644648,37.04,0
2023-11-23 03:00:00,-0.7,0,50.9,-45.05958850675857,160.20866324900476,30.74,0
2023-11-24 00:00:00,1.3,0,51.9,67.11469588181961,72.29103048062652,34.34,0
2023-11-24 02:00:00,4.5,0,53.4,-28.627457141599507,47.077351262143424,40.1,0
2023-11-24 08:00:00,0.1,0,33.4,-37.5370355711171,90.65705254440519,32.18,0
2023-11-24 09:00:00,-3.2,0,47.1,-7.274869701547857,178.90179026820107,26.240000000000002,0
2023-11-24 11:00:00,1.7,20,33.2,23.662582664943713,69.44720796891636,35.06,0
2023-11-26 06:00:00,-0.9,0,37.9,-48.000091923121204,-141.78227272291178,30.38,0
2023-11-27 01:00:00,1.9,0,36.5,59.51209687772243,-101.66834162460799,35.42,0
2023-11-27 09:00:00,2.0,0,32.7,7.4004884781920595,11.99647722945781,35.6,0
2023-11-27 21:00:00,0.3,5,43.9,-3.864893414485948,120.29907895503891,32.54,0
2023-11-28 11:00:00,1.1,5,60.2,15.903399776967603,164.56853971432662,33.98,0
2023-11-28 15:00:00,4.2,0,34.7,78.0748961402646,-165.66788179952863,39.56,0
2023-11-28 20:00:00,5.8,5,43.0,-14.819940752940951,173.25272786085964,42.44,0
2023-11-28 22:00:00,-1.4,0,34.8,-63.84119536430926,111.5923477260501,29.48,0
2023-11-29 05:00:00,4.2,0,47.4,55.01678496540154,-92.75266975076558,39.56,0
2023-11-29 07:00:00,4.4,0,39.4,-62.29801715512074,-57.59842101843883,39.92,0
2023-11-29 08:00:00,1.9,0,60.4,17.22236834907531,-170.24160515895608,35.42,0
2023-11-29 20:00:00,-0.3,0,30.0,-18.872046454985096,149.93609440158514,31.46,0
2023-11-30 00:00:00,5.3,0,64.0,-18.853323222391595,-42.43554199440965,41.54,0
2023-11-30 02:00:00,-2.3,0,40.7,79.35843052065678,41.425111445291265,27.86,0
2023-11-30 05:00:00,0.8,0,38.6,28.744249127485375,169.86430847717446,33.44,0
2023-11-30 09:00:00,6.9,0,36.2,85.28407440428691,-8.963877350980624,44.42,0
2023-12-01 18:00:00,2.4,0,54.1,11.56172700321649,10.31637743613922,36.32,0
2023-12-01 20:00:00,2.0,0,45.6,68.98924825672029,117.52725941718586,35.6,0
2023-12-01 21:00:00,-0.8,0,36.3,-40.33391501150157,-94.82047822529736,30.56,0
2023-12-02 03:00:00,4.0,20,49.0,-17.02389147495211,-128.58685038976773,39.2,0
2023-12-02 06:00:00,-1.4,0,30.0,22.31972739521683,23.25263001604685,29.48,0
2023-12-02 06:00:00,-1.1,5,45.6,89.2024020883238,113.99588755258446,30.02,0
2023-12-02 07:00:00,0.1,0,30.0,-47.25385978459365,-49.32617745460621,32.18,0
2023-12-02 20:00:00,2.2,5,55.5,54.97781927399754,-9.563162624992287,35.96,0
2023-12-03 04:00:00,1.3,0,43.7,-85.37586392350653,85.87657922290686,34.34,0
2023-12-03 04:00:00,2.2,0,43.2,-12.877577307216825,-93.31062621365763,35.96,0
2023-12-03 05:00:00,0.6,0,46.0,-13.052438263751768,36.88890136461592,33.08,0
2023-12-03 20:00:00,7.6,0,54.1,-78.73832840049872,-148.3962346590624,45.68,0
2023-12-04 06:00:00,1.1,0,43.4,60.88147579472411,-70.78120429351206,33.98,0
2023-12-04 15:00:00,3.6,20,32.0,-26.160083102685093,-127.43243305309349,38.48,0
2023-12-05 02:00:00,3.7,0,37.7,32.33397283112585,16.70654671636754,38.660000000000004,0
2023-12-05 03:00:00,1.6,0,47.6,79.46536275109176,-12.965249721462925,34.88,0
2023-12-05 14:00:00,1.0,0,40.8,-42.21064666276698,173.78623472773893,33.8,0
2023-12-07 20:00:00,2.4,0,46.6,54.97740774827625,-58.02354632778935,36.32,0
2023-12-08 21:00:00,10.7,0,31.2,-82.93150543650259,138.4123419348333,51.26,0
2023-12-09 10:00:00,9.0,0,40.8,70.31852198313163,52.706655082112036,48.2,0
2023-12-09 21:00:00,2.4,20,48.6,55.51303300086437,86.20892396594184,36.32,0
2023-12-10 02:00:00,5.4,0,43.9,-86.55201260077448,171.28037467761578,41.72,0
2023-12-10 02:00:00,5.8,0,52.9,-50.63223594175502,90.46041277455606,42.44,0
2023-12-10 03:00:00,7.8,5,41.6,81.26006861935656,27.02180644517327,46.04,0
2023-12-10 04:00:00,3.0,15,59.1,-1.3436314714279263,-155.36134467265458,37.4,0
2023-12-10 09:00:00,2.2,0,34.8,41.10675378113629,-61.97824841398773,35.96,0
2023-12-10 15:00:00,4.9,0,52.5,-45.601449155026835,-25.00710447130669,40.82,0
2023-12-10 17:00:00,1.5,0,41.0,-10.296335422127257,-23.305579323640615,34.7,0
2023-12-12 02:00:00,1.5,0,44.3,6.844086965502527,62.96155309949572,34.7,0
2023-12-12 04:00:00,2.5,0,30.0,-64.06581851762408,-14.933317612674472,36.5,0
2023-12-12 08:00:00,5.7,15,48.4,-69.27368788886379,-106.56194270062055,42.260000000000005,0
2023-12-12 21:00:00,5.9,5,34.1,25.527513024258354,-161.40335143872923,42.620000000000005,0
2023-12-13 01:00:00,7.6,0,36.3,-82.51578722761312,-19.953539615005752,45.68,0
2023-12-13 01:00:00,2.2,0,34.5,-38.169838318321354,-90.50224153920972,35.96,0
2023-12-13 21:00:00,6.4,5,54.2,-25.534851024754005,-90.85260849428207,43.519999999999996,0
2023-12-14 10:00:00,7.0,0,63.8,73.26755287470394,67.40436364584585,44.6,0
2023-12-14 12:00:00,6.7,0,51.2,42.14722662749634,-166.87402170277736,44.06,0
2023-12-15 03:00:00,1.9,0,53.7,13.85669023518274,-161.93687388480936,35.42,0
2023-12-15 10:00:00,11.2,15,55.2,54.17652607260567,-29.737878361506745,52.16,0
2023-12-15 15:00:00,6.5,0,50.1,-52.4104316109738,-115.50098941554569,43.7,0
2023-12-15 20:00:00,8.3,0,49.5,-67.41246657615288,-90.43495605389626,46.94,0
2023-12-16 05:00:00,5.2,0,40.3,-81.29471201121945,161.41303900401084,41.36,0
2023-12-16 15:00:00,8.1,0,34.5,-34.84521911681345,106.20415329424935,46.58,0
2023-12-17 08:00:00,7.9,0,47.1,28.71107669723888,-98.28772579025244,46.22,0
2023-12-17 11:00:00,0.5,5,30.0,-74.33690070549802,-65.9006561637787,32.9,0
2023-12-18 04:00:00,8.6,0,34.4,-64.20933743352461,92.79956173505684,47.48,0
2023-12-18 09:00:00,5.9,5,48.1,67.52405135180737,166.34105961888656,42.620000000000005,0
2023-12-18 11:00:00,9.1,0,30.0,38.65558975991024,94.86570372055638,48.379999999999995,0
2023-12-18 12:00:00,5.6,0,50.3,-79.73515547934852,-114.96328512793086,42.08,0
2023-12-18 16:00:00,12.2,0,44.2,-66.9013448060224,63.58220407890232,53.96,0
2023-12-19 02:00:00,9.0,0,58.1,25.91218430057043,-70.8408778160698,48.2,0
2023-12-19 04:00:00,7.9,0,65.8,-25.448115248353545,72.39513145113719,46.22,0
2023-12-19 11:00:00,7.1,0,38.2,5.661884554074959,91.64497003406518,44.78,0
2023-12-20 11:00:00,13.6,0,55.9,-26.852560319697197,-77.69365354377764,56.48,0
2023-12-20 17:00:00,4.4,0,56.0,66.94435103049099,174.13616995529463,39.92,0
2023-12-21 01:00:00,10.7,0,56.3,-78.83338254681932,168.01421040664582,51.26,0
2023-12-21 02:00:00,4.9,0,41.1,12.190917227589821,1.6041390009679333,40.82,0
2023-12-21 21:00:00,10.0,0,35.3,15.269006035042352,-87.0812484575707,50.0,0
2023-12-22 02:00:00,10.3,0,56.4,-73.37510493995187,123.79658804313442,50.54,0
2023-12-22 03:00:00,9.8,0,43.2,23.831326163791545,158.88038140328462,49.64,0
2023-12-22 17:00:00,10.8,0,30.0,51.1929851783035,83.93773612924787,51.44,0
2023-12-22 17:00:00,1.3,0,44.6,30.796768275475685,93.5365170342198,34.34,0
2023-12-23 04:00:00,6.4,0,35.1,57.11495619838263,18.23776532516314,43.519999999999996,0
2023-12-23 21:00:00,11.0,5,47.2,32.85584271678988,170.08610041004482,51.8,0
2023-12-24 02:00:00,12.4,0,35.7,20.72324529741597,-111.88951473947225,54.32,0
2023-12-25 02:00:00,9.0,0,48.8,26.68202438541229,-75.2843324766303,48.2,0
2023-12-25 22:00:00,4.3,0,42.0,28.696133174759566,81.94720957188792,39.74,0
2023-12-26 00:00:00,13.1,0,54.7,22.08411737096354,90.76115977091092,55.58,0
2023-12-26 12:00:00,9.4,0,33.1,-77.50906453724699,36.28517376226287,48.92,0
2023-12-27 10:00:00,10.6,0,46.8,-82.77500536463403,-80.3685124975289,51.08,0
2023-12-27 16:00:00,4.4,0,34.6,-76.10624455923576,-15.155893754254294,39.92,0
2023-12-27 17:00:00,6.9,5,44.0,-38.12678532728469,-96.17091952460608,44.42,0
2023-12-27 17:00:00,14.4,0,36.6,-45.565735032768075,68.99162471039455,57.92,0
2023-12-27 19:00:00,9.1,0,40.3,-15.985714343491608,44.416643745566546,48.379999999999995,0
2023-12-27 22:00:00,8.7,0,52.8,-42.99076214804516,-123.70962900784498,47.66,0
2023-12-28 04:00:00,4.3,0,51.3,47.76540549444732,0.8538551899543734,39.74,0
2023-12-28 11:00:00,4.6,0,48.8,31.61932239727315,172.45146268500025,40.28,0
2023-12-28 21:00:00,9.5,20,31.0,9.208793144946966,118.64257764589797,49.1,0
2023-12-29 03:00:00,11.2,5,30.0,42.30453351416821,-9.20343090701732,52.16,0
2023-12-29 04:00:00,8.2,0,36.0,-72.60392982820458,96.86200793750072,46.76,0
2023-12-29 05:00:00,8.7,0,44.9,34.815983050135614,157.74522210890007,47.66,0
2023-12-29 08:00:00,5.8,0,60.0,-34.60123704723316,-72.02541690969615,42.44,0
2023-12-29 15:00:00,7.2,5,43.1,-2.8762969483072567,-121.78996082136473,44.96,0
2023-12-30 22:00:00,8.8,0,47.0,58.91438695270426,-94.50601013902177,47.84,0
